[
  {
    "id" : "cn-hospitalleve-code-system",
    "type" : "CodeSystem",
    "url" : "http://fhir.cq.hc/CodeSystem/cn-hospitalleve-code-system",
    "version" : "0.1.1",
    "name" : "CNHospitalLevelCS"
  },
  {
    "id" : "cn-hospitalnanagementtype-code-system",
    "type" : "CodeSystem",
    "url" : "http://fhir.cq.hc/CodeSystem/cn-hospitalnanagementtype-code-system",
    "version" : "0.1.1",
    "name" : "CNHospitalManagementTypeCS"
  },
  {
    "id" : "contactortype-code-system",
    "type" : "CodeSystem",
    "url" : "http://fhir.cq.hc/CodeSystem/contactortype-code-system",
    "version" : "0.1.1",
    "name" : "ChineseContactorTypeCS"
  },
  {
    "id" : "cq-administrativedivision-code-system",
    "type" : "CodeSystem",
    "url" : "http://fhir.cq.hc/CodeSystem/cq-administrativedivision-code-system",
    "version" : "0.1.1",
    "name" : "CQAdministrativeDivisionCS"
  },
  {
    "id" : "cq-streetdivision-code-system",
    "type" : "CodeSystem",
    "url" : "http://fhir.cq.hc/CodeSystem/cq-streetdivision-code-system",
    "version" : "0.1.1",
    "name" : "CQStreetDivisionCS"
  },
  {
    "id" : "customedhealthcareinstitutionstype-code-system",
    "type" : "CodeSystem",
    "url" : "http://fhir.cq.hc/CodeSystem/customedhealthcareinstitutionstype-code-system",
    "version" : "0.1.1",
    "name" : "CustomedHealthcareInstitutionsTypeCS"
  },
  {
    "id" : "healthcareinstitutionstype-code-system",
    "type" : "CodeSystem",
    "url" : "http://fhir.cq.hc/CodeSystem/healthcareinstitutionstype-code-system",
    "version" : "0.1.1",
    "name" : "HealthcareInstitutionsTypeCS"
  },
  {
    "id" : "identifierType-code-system",
    "type" : "CodeSystem",
    "url" : "http://fhir.cq.hc/CodeSystem/identifierType-code-system",
    "version" : "0.1.1",
    "name" : "ChineseIdentifierTypeCS"
  },
  {
    "id" : "nationaleconomicindustryclassification-code-system",
    "type" : "CodeSystem",
    "url" : "http://fhir.cq.hc/CodeSystem/nationaleconomicindustryclassification-code-system",
    "version" : "0.1.1",
    "name" : "NationalEconomicIndustryClassificationCS"
  },
  {
    "id" : "operatingstatus-code-system",
    "type" : "CodeSystem",
    "url" : "http://fhir.cq.hc/CodeSystem/operatingstatus-code-system",
    "version" : "0.1.1",
    "name" : "OperatingStatusCS"
  },
  {
    "id" : "organizationtype-code-system",
    "type" : "CodeSystem",
    "url" : "http://fhir.cq.hc/CodeSystem/organizationtype-code-system",
    "version" : "0.1.1",
    "name" : "OrganizationTypeCS"
  },
  {
    "id" : "chongqing.core",
    "type" : "ImplementationGuide",
    "url" : "http://fhir.cq.hc/ImplementationGuide/chongqing.core",
    "version" : "0.1.1",
    "name" : "ChongqingCore"
  },
  {
    "id" : "hc-healthcare-organization",
    "type" : "StructureDefinition",
    "url" : "http://fhir.cq.hc/StructureDefinition/hc-healthcare-organization",
    "version" : "0.1.1",
    "name" : "HealthcareOrganization"
  },
  {
    "id" : "hc-mdm-administrativedivision",
    "type" : "StructureDefinition",
    "url" : "http://fhir.cq.hc/StructureDefinition/hc-mdm-administrativedivision",
    "version" : "0.1.1",
    "name" : "AdministrativeDivisionExtension"
  },
  {
    "id" : "hc-mdm-economicindustryclassification",
    "type" : "StructureDefinition",
    "url" : "http://fhir.cq.hc/StructureDefinition/hc-mdm-economicindustryclassification",
    "version" : "0.1.1",
    "name" : "EconomicIndustryClassificationExtension"
  },
  {
    "id" : "hc-mdm-healthcareinstitutionstype",
    "type" : "StructureDefinition",
    "url" : "http://fhir.cq.hc/StructureDefinition/hc-mdm-healthcareinstitutionstype",
    "version" : "0.1.1",
    "name" : "HealthcareInstitutionsTypeExtension"
  },
  {
    "id" : "hc-mdm-hospitallevel",
    "type" : "StructureDefinition",
    "url" : "http://fhir.cq.hc/StructureDefinition/hc-mdm-hospitallevel",
    "version" : "0.1.1",
    "name" : "HospitalLevelExtension"
  },
  {
    "id" : "hc-mdm-hospitalmanagementype",
    "type" : "StructureDefinition",
    "url" : "http://fhir.cq.hc/StructureDefinition/hc-mdm-hospitalmanagementype",
    "version" : "0.1.1",
    "name" : "HospitalManagementTypeExtension"
  },
  {
    "id" : "hc-mdm-operatingstatus",
    "type" : "StructureDefinition",
    "url" : "http://fhir.cq.hc/StructureDefinition/hc-mdm-operatingstatus",
    "version" : "0.1.1",
    "name" : "OperatingStatusExtension"
  },
  {
    "id" : "hc-mdm-organization",
    "type" : "StructureDefinition",
    "url" : "http://fhir.cq.hc/StructureDefinition/hc-mdm-organization",
    "version" : "0.1.1",
    "name" : "MDMOrganization"
  },
  {
    "id" : "hc-mdm-organizationggis",
    "type" : "StructureDefinition",
    "url" : "http://fhir.cq.hc/StructureDefinition/hc-mdm-organizationggis",
    "version" : "0.1.1",
    "name" : "OrganizationGISExtension"
  },
  {
    "id" : "hc-mdm-secondaryhealthcareinstitutionsinfo",
    "type" : "StructureDefinition",
    "url" : "http://fhir.cq.hc/StructureDefinition/hc-mdm-secondaryhealthcareinstitutionsinfo",
    "version" : "0.1.1",
    "name" : "SecondaryHealthcareInstitutionsInfoExtension"
  },
  {
    "id" : "hc-mdm-streetdivision",
    "type" : "StructureDefinition",
    "url" : "http://fhir.cq.hc/StructureDefinition/hc-mdm-streetdivision",
    "version" : "0.1.1",
    "name" : "StreetDivisionExtension"
  },
  {
    "id" : "hc-mdm-supervisedby",
    "type" : "StructureDefinition",
    "url" : "http://fhir.cq.hc/StructureDefinition/hc-mdm-supervisedby",
    "version" : "0.1.1",
    "name" : "SupervisedByExtension"
  },
  {
    "id" : "cn-contactorType-vs",
    "type" : "ValueSet",
    "url" : "http://fhir.cq.hc/ValueSet/cn-contactorType-vs",
    "version" : "0.1.1",
    "name" : "CNContactorTypeVS"
  },
  {
    "id" : "cn-hospitalleve-vs",
    "type" : "ValueSet",
    "url" : "http://fhir.cq.hc/ValueSet/cn-hospitalleve-vs",
    "version" : "0.1.1",
    "name" : "CNHospitalLevelVS"
  },
  {
    "id" : "cn-hospitalmanagementype-vs",
    "type" : "ValueSet",
    "url" : "http://fhir.cq.hc/ValueSet/cn-hospitalmanagementype-vs",
    "version" : "0.1.1",
    "name" : "CNHospitalManagementTypeVS"
  },
  {
    "id" : "cn-identifierType-vs",
    "type" : "ValueSet",
    "url" : "http://fhir.cq.hc/ValueSet/cn-identifierType-vs",
    "version" : "0.1.1",
    "name" : "CNIdentifierTypeVS"
  },
  {
    "id" : "cn-nationaleconomicindustryclassification-vs",
    "type" : "ValueSet",
    "url" : "http://fhir.cq.hc/ValueSet/cn-nationaleconomicindustryclassification-vs",
    "version" : "0.1.1",
    "name" : "CNNationalEconomicIndustryClassificationVS"
  },
  {
    "id" : "cq-administrativedivision-vs",
    "type" : "ValueSet",
    "url" : "http://fhir.cq.hc/ValueSet/cq-administrativedivision-vs",
    "version" : "0.1.1",
    "name" : "CQAdministrativeDivisionVS"
  },
  {
    "id" : "cq-streetdivision-vs",
    "type" : "ValueSet",
    "url" : "http://fhir.cq.hc/ValueSet/cq-streetdivision-vs",
    "version" : "0.1.1",
    "name" : "CQStreetDivisionVS"
  },
  {
    "id" : "healthcareinstitutionstype-vs",
    "type" : "ValueSet",
    "url" : "http://fhir.cq.hc/ValueSet/healthcareinstitutionstype-vs",
    "version" : "0.1.1",
    "name" : "HealthcareInstitutionsTypeVS"
  },
  {
    "id" : "operatingstatus-vs",
    "type" : "ValueSet",
    "url" : "http://fhir.cq.hc/ValueSet/operatingstatus-vs",
    "version" : "0.1.1",
    "name" : "OperatingStatusVS"
  },
  {
    "id" : "organizationtype-vs",
    "type" : "ValueSet",
    "url" : "http://fhir.cq.hc/ValueSet/organizationtype-vs",
    "version" : "0.1.1",
    "name" : "OrganizationTypeVS"
  }
]
