<?xml version="1.0" encoding="UTF-8"?>

<CodeSystem xmlns="http://hl7.org/fhir">
  <id value="nationaleconomicindustryclassification-code-system"/>
  <text>
    <status value="generated"/><div xmlns="http://www.w3.org/1999/xhtml"><p class="res-header-id"><b>Generated Narrative: CodeSystem nationaleconomicindustryclassification-code-system</b></p><a name="nationaleconomicindustryclassification-code-system"> </a><a name="hcnationaleconomicindustryclassification-code-system"> </a><a name="nationaleconomicindustryclassification-code-system-und"> </a><p>This case-sensitive code system <code>http://fhir.cq.hc/CodeSystem/nationaleconomicindustryclassification-code-system</code> defines the following codes:</p><table class="codes"><tr><td style="white-space:nowrap"><b>Code</b></td><td><b>Display</b></td></tr><tr><td style="white-space:nowrap">100<a name="nationaleconomicindustryclassification-code-system-100"> </a></td><td>内资</td></tr><tr><td style="white-space:nowrap">110<a name="nationaleconomicindustryclassification-code-system-110"> </a></td><td>国有全资</td></tr><tr><td style="white-space:nowrap">120<a name="nationaleconomicindustryclassification-code-system-120"> </a></td><td>集体全资</td></tr><tr><td style="white-space:nowrap">130<a name="nationaleconomicindustryclassification-code-system-130"> </a></td><td>股份合作</td></tr><tr><td style="white-space:nowrap">140<a name="nationaleconomicindustryclassification-code-system-140"> </a></td><td>联营</td></tr><tr><td style="white-space:nowrap">141<a name="nationaleconomicindustryclassification-code-system-141"> </a></td><td>国有联营</td></tr><tr><td style="white-space:nowrap">142<a name="nationaleconomicindustryclassification-code-system-142"> </a></td><td>集体联营</td></tr><tr><td style="white-space:nowrap">143<a name="nationaleconomicindustryclassification-code-system-143"> </a></td><td>国有与集体联营</td></tr><tr><td style="white-space:nowrap">149<a name="nationaleconomicindustryclassification-code-system-149"> </a></td><td>其他联营</td></tr><tr><td style="white-space:nowrap">150<a name="nationaleconomicindustryclassification-code-system-150"> </a></td><td>有限责任(公司)</td></tr><tr><td style="white-space:nowrap">159<a name="nationaleconomicindustryclassification-code-system-159"> </a></td><td>其他有限责任(公司)</td></tr><tr><td style="white-space:nowrap">160<a name="nationaleconomicindustryclassification-code-system-160"> </a></td><td>股份有限(公司)</td></tr><tr><td style="white-space:nowrap">170<a name="nationaleconomicindustryclassification-code-system-170"> </a></td><td>私有</td></tr><tr><td style="white-space:nowrap">171<a name="nationaleconomicindustryclassification-code-system-171"> </a></td><td>私有独资</td></tr><tr><td style="white-space:nowrap">172<a name="nationaleconomicindustryclassification-code-system-172"> </a></td><td>私有合伙</td></tr><tr><td style="white-space:nowrap">173<a name="nationaleconomicindustryclassification-code-system-173"> </a></td><td>私营有限责任(公司)</td></tr><tr><td style="white-space:nowrap">174<a name="nationaleconomicindustryclassification-code-system-174"> </a></td><td>私营股份有限(公司)</td></tr><tr><td style="white-space:nowrap">175<a name="nationaleconomicindustryclassification-code-system-175"> </a></td><td>个体经营</td></tr><tr><td style="white-space:nowrap">179<a name="nationaleconomicindustryclassification-code-system-179"> </a></td><td>其他私有</td></tr><tr><td style="white-space:nowrap">190<a name="nationaleconomicindustryclassification-code-system-190"> </a></td><td>其他内资</td></tr><tr><td style="white-space:nowrap">200<a name="nationaleconomicindustryclassification-code-system-200"> </a></td><td>港、澳、台投资</td></tr><tr><td style="white-space:nowrap">210<a name="nationaleconomicindustryclassification-code-system-210"> </a></td><td>内地和港、澳或台合资</td></tr><tr><td style="white-space:nowrap">220<a name="nationaleconomicindustryclassification-code-system-220"> </a></td><td>内地和港、澳或台合作</td></tr><tr><td style="white-space:nowrap">230<a name="nationaleconomicindustryclassification-code-system-230"> </a></td><td>港、澳或台独资</td></tr><tr><td style="white-space:nowrap">240<a name="nationaleconomicindustryclassification-code-system-240"> </a></td><td>港、澳或台投资股份有限(公司)</td></tr><tr><td style="white-space:nowrap">290<a name="nationaleconomicindustryclassification-code-system-290"> </a></td><td>其他港澳台投资</td></tr><tr><td style="white-space:nowrap">300<a name="nationaleconomicindustryclassification-code-system-300"> </a></td><td>国外投资</td></tr><tr><td style="white-space:nowrap">310<a name="nationaleconomicindustryclassification-code-system-310"> </a></td><td>中外合资</td></tr><tr><td style="white-space:nowrap">320<a name="nationaleconomicindustryclassification-code-system-320"> </a></td><td>中外合作</td></tr><tr><td style="white-space:nowrap">330<a name="nationaleconomicindustryclassification-code-system-330"> </a></td><td>外资</td></tr><tr><td style="white-space:nowrap">340<a name="nationaleconomicindustryclassification-code-system-340"> </a></td><td>国外投资股份有限(公司)</td></tr><tr><td style="white-space:nowrap">390<a name="nationaleconomicindustryclassification-code-system-390"> </a></td><td>其他国外投资</td></tr><tr><td style="white-space:nowrap">900<a name="nationaleconomicindustryclassification-code-system-900"> </a></td><td>其他</td></tr></table></div>
  </text>
  <url value="http://fhir.cq.hc/CodeSystem/nationaleconomicindustryclassification-code-system"/>
  <version value="0.1.0"/>
  <name value="NationalEconomicIndustryClassificationCS"/>
  <title value="经济类型分类代码"/>
  <status value="active"/>
  <experimental value="false"/>
  <date value="2024-12-16T18:04:20+08:00"/>
  <publisher value="重庆市卫生健康统计信息中心"/>
  <contact>
    <name value="重庆市卫生健康统计信息中心"/>
    <telecom>
      <system value="url"/>
      <value value="http://www.cqshic.com"/>
    </telecom>
  </contact>
  <description value="国家标准 GB/T 12402-2000《经济类型分类与代码》"/>
  <caseSensitive value="true"/>
  <content value="complete"/>
  <count value="33"/>
  <concept>
    <code value="100"/>
    <display value="内资"/>
  </concept>
  <concept>
    <code value="110"/>
    <display value="国有全资"/>
  </concept>
  <concept>
    <code value="120"/>
    <display value="集体全资"/>
  </concept>
  <concept>
    <code value="130"/>
    <display value="股份合作"/>
  </concept>
  <concept>
    <code value="140"/>
    <display value="联营"/>
  </concept>
  <concept>
    <code value="141"/>
    <display value="国有联营"/>
  </concept>
  <concept>
    <code value="142"/>
    <display value="集体联营"/>
  </concept>
  <concept>
    <code value="143"/>
    <display value="国有与集体联营"/>
  </concept>
  <concept>
    <code value="149"/>
    <display value="其他联营"/>
  </concept>
  <concept>
    <code value="150"/>
    <display value="有限责任(公司)"/>
  </concept>
  <concept>
    <code value="159"/>
    <display value="其他有限责任(公司)"/>
  </concept>
  <concept>
    <code value="160"/>
    <display value="股份有限(公司)"/>
  </concept>
  <concept>
    <code value="170"/>
    <display value="私有"/>
  </concept>
  <concept>
    <code value="171"/>
    <display value="私有独资"/>
  </concept>
  <concept>
    <code value="172"/>
    <display value="私有合伙"/>
  </concept>
  <concept>
    <code value="173"/>
    <display value="私营有限责任(公司)"/>
  </concept>
  <concept>
    <code value="174"/>
    <display value="私营股份有限(公司)"/>
  </concept>
  <concept>
    <code value="175"/>
    <display value="个体经营"/>
  </concept>
  <concept>
    <code value="179"/>
    <display value="其他私有"/>
  </concept>
  <concept>
    <code value="190"/>
    <display value="其他内资"/>
  </concept>
  <concept>
    <code value="200"/>
    <display value="港、澳、台投资"/>
  </concept>
  <concept>
    <code value="210"/>
    <display value="内地和港、澳或台合资"/>
  </concept>
  <concept>
    <code value="220"/>
    <display value="内地和港、澳或台合作"/>
  </concept>
  <concept>
    <code value="230"/>
    <display value="港、澳或台独资"/>
  </concept>
  <concept>
    <code value="240"/>
    <display value="港、澳或台投资股份有限(公司)"/>
  </concept>
  <concept>
    <code value="290"/>
    <display value="其他港澳台投资"/>
  </concept>
  <concept>
    <code value="300"/>
    <display value="国外投资"/>
  </concept>
  <concept>
    <code value="310"/>
    <display value="中外合资"/>
  </concept>
  <concept>
    <code value="320"/>
    <display value="中外合作"/>
  </concept>
  <concept>
    <code value="330"/>
    <display value="外资"/>
  </concept>
  <concept>
    <code value="340"/>
    <display value="国外投资股份有限(公司)"/>
  </concept>
  <concept>
    <code value="390"/>
    <display value="其他国外投资"/>
  </concept>
  <concept>
    <code value="900"/>
    <display value="其他"/>
  </concept>
</CodeSystem>