<?xml version="1.0" encoding="UTF-8"?>

<CodeSystem xmlns="http://hl7.org/fhir">
  <id value="organizationtype-code-system"/>
  <text>
    <status value="generated"/><div xmlns="http://www.w3.org/1999/xhtml"><p class="res-header-id"><b>Generated Narrative: CodeSystem organizationtype-code-system</b></p><a name="organizationtype-code-system"> </a><a name="hcorganizationtype-code-system"> </a><a name="organizationtype-code-system-und"> </a><p>This case-sensitive code system <code>http://fhir.cq.hc/CodeSystem/organizationtype-code-system</code> defines the following codes:</p><table class="codes"><tr><td style="white-space:nowrap"><b>Code</b></td><td><b>Display</b></td></tr><tr><td style="white-space:nowrap">1<a name="organizationtype-code-system-1"> </a></td><td>法人</td></tr><tr><td style="white-space:nowrap">11<a name="organizationtype-code-system-11"> </a></td><td>营利法人</td></tr><tr><td style="white-space:nowrap">111<a name="organizationtype-code-system-111"> </a></td><td>有限责任公司</td></tr><tr><td style="white-space:nowrap">112<a name="organizationtype-code-system-112"> </a></td><td>股份有限公司</td></tr><tr><td style="white-space:nowrap">119<a name="organizationtype-code-system-119"> </a></td><td>其他企业法人</td></tr><tr><td style="white-space:nowrap">12<a name="organizationtype-code-system-12"> </a></td><td>非营利法人</td></tr><tr><td style="white-space:nowrap">121<a name="organizationtype-code-system-121"> </a></td><td>事业单位法人</td></tr><tr><td style="white-space:nowrap">122<a name="organizationtype-code-system-122"> </a></td><td>社会团体法人</td></tr><tr><td style="white-space:nowrap">123<a name="organizationtype-code-system-123"> </a></td><td>捐助法人(基金会)</td></tr><tr><td style="white-space:nowrap">124<a name="organizationtype-code-system-124"> </a></td><td>捐助法人(社会服务机构)</td></tr><tr><td style="white-space:nowrap">125<a name="organizationtype-code-system-125"> </a></td><td>捐助法人(宗教活动场所)</td></tr><tr><td style="white-space:nowrap">129<a name="organizationtype-code-system-129"> </a></td><td>其他非营利法人</td></tr><tr><td style="white-space:nowrap">13<a name="organizationtype-code-system-13"> </a></td><td>特别法人</td></tr><tr><td style="white-space:nowrap">131<a name="organizationtype-code-system-131"> </a></td><td>机关法人</td></tr><tr><td style="white-space:nowrap">132<a name="organizationtype-code-system-132"> </a></td><td>农村集体经济组织法人</td></tr><tr><td style="white-space:nowrap">133<a name="organizationtype-code-system-133"> </a></td><td>城镇农村的合作经济组织法人</td></tr><tr><td style="white-space:nowrap">134<a name="organizationtype-code-system-134"> </a></td><td>基层群众性自治组织法人</td></tr><tr><td style="white-space:nowrap">139<a name="organizationtype-code-system-139"> </a></td><td>其他特别法人</td></tr><tr><td style="white-space:nowrap">2<a name="organizationtype-code-system-2"> </a></td><td>非法人组织</td></tr><tr><td style="white-space:nowrap">21<a name="organizationtype-code-system-21"> </a></td><td>营利性非法人组织</td></tr><tr><td style="white-space:nowrap">211<a name="organizationtype-code-system-211"> </a></td><td>个人独资企业</td></tr><tr><td style="white-space:nowrap">212<a name="organizationtype-code-system-212"> </a></td><td>合伙企业</td></tr><tr><td style="white-space:nowrap">213<a name="organizationtype-code-system-213"> </a></td><td>不具有法人资格的营利性专业服务机构</td></tr><tr><td style="white-space:nowrap">219<a name="organizationtype-code-system-219"> </a></td><td>其他营利性非法人组织</td></tr><tr><td style="white-space:nowrap">22<a name="organizationtype-code-system-22"> </a></td><td>非营利性非法人组织</td></tr><tr><td style="white-space:nowrap">221<a name="organizationtype-code-system-221"> </a></td><td>不具有法人资格的非营利性专业服务机构</td></tr><tr><td style="white-space:nowrap">229<a name="organizationtype-code-system-229"> </a></td><td>其他非营利性非法人组织</td></tr></table></div>
  </text>
  <url value="http://fhir.cq.hc/CodeSystem/organizationtype-code-system"/>
  <version value="0.1.0"/>
  <name value="OrganizationTypeCS"/>
  <title value="组织机构类型代码"/>
  <status value="active"/>
  <experimental value="false"/>
  <date value="2024-12-16T18:04:20+08:00"/>
  <publisher value="重庆市卫生健康统计信息中心"/>
  <contact>
    <name value="重庆市卫生健康统计信息中心"/>
    <telecom>
      <system value="url"/>
      <value value="http://www.cqshic.com"/>
    </telecom>
  </contact>
  <description value="国家标准GB/T 20091-2021 组织机构类型"/>
  <caseSensitive value="true"/>
  <content value="complete"/>
  <count value="27"/>
  <concept>
    <code value="1"/>
    <display value="法人"/>
  </concept>
  <concept>
    <code value="11"/>
    <display value="营利法人"/>
  </concept>
  <concept>
    <code value="111"/>
    <display value="有限责任公司"/>
  </concept>
  <concept>
    <code value="112"/>
    <display value="股份有限公司"/>
  </concept>
  <concept>
    <code value="119"/>
    <display value="其他企业法人"/>
  </concept>
  <concept>
    <code value="12"/>
    <display value="非营利法人"/>
  </concept>
  <concept>
    <code value="121"/>
    <display value="事业单位法人"/>
  </concept>
  <concept>
    <code value="122"/>
    <display value="社会团体法人"/>
  </concept>
  <concept>
    <code value="123"/>
    <display value="捐助法人(基金会)"/>
  </concept>
  <concept>
    <code value="124"/>
    <display value="捐助法人(社会服务机构)"/>
  </concept>
  <concept>
    <code value="125"/>
    <display value="捐助法人(宗教活动场所)"/>
  </concept>
  <concept>
    <code value="129"/>
    <display value="其他非营利法人"/>
  </concept>
  <concept>
    <code value="13"/>
    <display value="特别法人"/>
  </concept>
  <concept>
    <code value="131"/>
    <display value="机关法人"/>
  </concept>
  <concept>
    <code value="132"/>
    <display value="农村集体经济组织法人"/>
  </concept>
  <concept>
    <code value="133"/>
    <display value="城镇农村的合作经济组织法人"/>
  </concept>
  <concept>
    <code value="134"/>
    <display value="基层群众性自治组织法人"/>
  </concept>
  <concept>
    <code value="139"/>
    <display value="其他特别法人"/>
  </concept>
  <concept>
    <code value="2"/>
    <display value="非法人组织"/>
  </concept>
  <concept>
    <code value="21"/>
    <display value="营利性非法人组织"/>
  </concept>
  <concept>
    <code value="211"/>
    <display value="个人独资企业"/>
  </concept>
  <concept>
    <code value="212"/>
    <display value="合伙企业"/>
  </concept>
  <concept>
    <code value="213"/>
    <display value="不具有法人资格的营利性专业服务机构"/>
  </concept>
  <concept>
    <code value="219"/>
    <display value="其他营利性非法人组织"/>
  </concept>
  <concept>
    <code value="22"/>
    <display value="非营利性非法人组织"/>
  </concept>
  <concept>
    <code value="221"/>
    <display value="不具有法人资格的非营利性专业服务机构"/>
  </concept>
  <concept>
    <code value="229"/>
    <display value="其他非营利性非法人组织"/>
  </concept>
</CodeSystem>