{
  "resourceType" : "CodeSystem",
  "id" : "operatingstatus-code-system",
  "text" : {
    "status" : "generated",
    "div" : "<div xmlns=\"http://www.w3.org/1999/xhtml\"><p class=\"res-header-id\"><b>Generated Narrative: CodeSystem operatingstatus-code-system</b></p><a name=\"operatingstatus-code-system\"> </a><a name=\"hcoperatingstatus-code-system\"> </a><a name=\"operatingstatus-code-system-en-US\"> </a><p>This case-sensitive code system <code>http://fhir.cq.hc/CodeSystem/operatingstatus-code-system</code> defines the following codes:</p><table class=\"codes\"><tr><td style=\"white-space:nowrap\"><b>Code</b></td><td><b>Display</b></td></tr><tr><td style=\"white-space:nowrap\">0<a name=\"operatingstatus-code-system-0\"> </a></td><td>开业</td></tr><tr><td style=\"white-space:nowrap\">1<a name=\"operatingstatus-code-system-1\"> </a></td><td>筹建</td></tr><tr><td style=\"white-space:nowrap\">2<a name=\"operatingstatus-code-system-2\"> </a></td><td>停业</td></tr><tr><td style=\"white-space:nowrap\">3<a name=\"operatingstatus-code-system-3\"> </a></td><td>撤销</td></tr></table></div>"
  },
  "url" : "http://fhir.cq.hc/CodeSystem/operatingstatus-code-system",
  "version" : "0.1.4",
  "name" : "OperatingStatusCS",
  "title" : "机构运营状态代码",
  "status" : "active",
  "experimental" : false,
  "date" : "2025-04-28T16:02:01+08:00",
  "publisher" : "重庆市卫生健康统计信息中心",
  "contact" : [{
    "name" : "重庆市卫生健康统计信息中心",
    "telecom" : [{
      "system" : "url",
      "value" : "http://www.cqshic.com"
    }]
  }],
  "description" : "机构运营状态代码，来源于统一直报系统字典。",
  "caseSensitive" : true,
  "content" : "complete",
  "count" : 4,
  "concept" : [{
    "code" : "0",
    "display" : "开业"
  },
  {
    "code" : "1",
    "display" : "筹建"
  },
  {
    "code" : "2",
    "display" : "停业"
  },
  {
    "code" : "3",
    "display" : "撤销"
  }]
}