<?xml version="1.0" encoding="UTF-8"?>

<CodeSystem xmlns="http://hl7.org/fhir">
  <id value="contactortype-code-system"/>
  <text>
    <status value="generated"/><div xmlns="http://www.w3.org/1999/xhtml"><p class="res-header-id"><b>Generated Narrative: CodeSystem contactortype-code-system</b></p><a name="contactortype-code-system"> </a><a name="hccontactortype-code-system"> </a><a name="contactortype-code-system-und"> </a><p>This case-sensitive code system <code>http://fhir.cq.hc/CodeSystem/contactortype-code-system</code> defines the following code:</p><table class="codes"><tr><td style="white-space:nowrap"><b>Code</b></td><td><b>Display</b></td></tr><tr><td style="white-space:nowrap">RES<a name="contactortype-code-system-RES"> </a></td><td>负责人</td></tr></table></div>
  </text>
  <url value="http://fhir.cq.hc/CodeSystem/contactortype-code-system"/>
  <version value="0.1.0"/>
  <name value="ChineseContactorTypeCS"/>
  <title value="联系人类型"/>
  <status value="active"/>
  <experimental value="false"/>
  <date value="2024-12-26T11:32:52+08:00"/>
  <publisher value="重庆市卫生健康统计信息中心"/>
  <contact>
    <name value="重庆市卫生健康统计信息中心"/>
    <telecom>
      <system value="url"/>
      <value value="http://www.cqshic.com"/>
    </telecom>
  </contact>
  <description value="中国联系人类型，如负责人等，更符合中文语义习惯"/>
  <caseSensitive value="true"/>
  <content value="complete"/>
  <count value="1"/>
  <concept>
    <code value="RES"/>
    <display value="负责人"/>
  </concept>
</CodeSystem>