{
  "resourceType" : "CodeSystem",
  "id" : "organizationtype-code-system",
  "text" : {
    "status" : "generated",
    "div" : "<div xmlns=\"http://www.w3.org/1999/xhtml\"><p class=\"res-header-id\"><b>Generated Narrative: CodeSystem organizationtype-code-system</b></p><a name=\"organizationtype-code-system\"> </a><a name=\"hcorganizationtype-code-system\"> </a><a name=\"organizationtype-code-system-und\"> </a><p>This case-sensitive code system <code>http://fhir.cq.hc/CodeSystem/organizationtype-code-system</code> defines the following codes:</p><table class=\"codes\"><tr><td style=\"white-space:nowrap\"><b>Code</b></td><td><b>Display</b></td></tr><tr><td style=\"white-space:nowrap\">1<a name=\"organizationtype-code-system-1\"> </a></td><td>法人</td></tr><tr><td style=\"white-space:nowrap\">11<a name=\"organizationtype-code-system-11\"> </a></td><td>营利法人</td></tr><tr><td style=\"white-space:nowrap\">111<a name=\"organizationtype-code-system-111\"> </a></td><td>有限责任公司</td></tr><tr><td style=\"white-space:nowrap\">112<a name=\"organizationtype-code-system-112\"> </a></td><td>股份有限公司</td></tr><tr><td style=\"white-space:nowrap\">119<a name=\"organizationtype-code-system-119\"> </a></td><td>其他企业法人</td></tr><tr><td style=\"white-space:nowrap\">12<a name=\"organizationtype-code-system-12\"> </a></td><td>非营利法人</td></tr><tr><td style=\"white-space:nowrap\">121<a name=\"organizationtype-code-system-121\"> </a></td><td>事业单位法人</td></tr><tr><td style=\"white-space:nowrap\">122<a name=\"organizationtype-code-system-122\"> </a></td><td>社会团体法人</td></tr><tr><td style=\"white-space:nowrap\">123<a name=\"organizationtype-code-system-123\"> </a></td><td>捐助法人(基金会)</td></tr><tr><td style=\"white-space:nowrap\">124<a name=\"organizationtype-code-system-124\"> </a></td><td>捐助法人(社会服务机构)</td></tr><tr><td style=\"white-space:nowrap\">125<a name=\"organizationtype-code-system-125\"> </a></td><td>捐助法人(宗教活动场所)</td></tr><tr><td style=\"white-space:nowrap\">129<a name=\"organizationtype-code-system-129\"> </a></td><td>其他非营利法人</td></tr><tr><td style=\"white-space:nowrap\">13<a name=\"organizationtype-code-system-13\"> </a></td><td>特别法人</td></tr><tr><td style=\"white-space:nowrap\">131<a name=\"organizationtype-code-system-131\"> </a></td><td>机关法人</td></tr><tr><td style=\"white-space:nowrap\">132<a name=\"organizationtype-code-system-132\"> </a></td><td>农村集体经济组织法人</td></tr><tr><td style=\"white-space:nowrap\">133<a name=\"organizationtype-code-system-133\"> </a></td><td>城镇农村的合作经济组织法人</td></tr><tr><td style=\"white-space:nowrap\">134<a name=\"organizationtype-code-system-134\"> </a></td><td>基层群众性自治组织法人</td></tr><tr><td style=\"white-space:nowrap\">139<a name=\"organizationtype-code-system-139\"> </a></td><td>其他特别法人</td></tr><tr><td style=\"white-space:nowrap\">2<a name=\"organizationtype-code-system-2\"> </a></td><td>非法人组织</td></tr><tr><td style=\"white-space:nowrap\">21<a name=\"organizationtype-code-system-21\"> </a></td><td>营利性非法人组织</td></tr><tr><td style=\"white-space:nowrap\">211<a name=\"organizationtype-code-system-211\"> </a></td><td>个人独资企业</td></tr><tr><td style=\"white-space:nowrap\">212<a name=\"organizationtype-code-system-212\"> </a></td><td>合伙企业</td></tr><tr><td style=\"white-space:nowrap\">213<a name=\"organizationtype-code-system-213\"> </a></td><td>不具有法人资格的营利性专业服务机构</td></tr><tr><td style=\"white-space:nowrap\">219<a name=\"organizationtype-code-system-219\"> </a></td><td>其他营利性非法人组织</td></tr><tr><td style=\"white-space:nowrap\">22<a name=\"organizationtype-code-system-22\"> </a></td><td>非营利性非法人组织</td></tr><tr><td style=\"white-space:nowrap\">221<a name=\"organizationtype-code-system-221\"> </a></td><td>不具有法人资格的非营利性专业服务机构</td></tr><tr><td style=\"white-space:nowrap\">229<a name=\"organizationtype-code-system-229\"> </a></td><td>其他非营利性非法人组织</td></tr></table></div>"
  },
  "url" : "http://fhir.cq.hc/CodeSystem/organizationtype-code-system",
  "version" : "0.1.0",
  "name" : "OrganizationTypeCS",
  "title" : "组织机构类型代码",
  "status" : "active",
  "experimental" : false,
  "date" : "2024-12-26T11:32:52+08:00",
  "publisher" : "重庆市卫生健康统计信息中心",
  "contact" : [{
    "name" : "重庆市卫生健康统计信息中心",
    "telecom" : [{
      "system" : "url",
      "value" : "http://www.cqshic.com"
    }]
  }],
  "description" : "国家标准GB/T 20091-2021 组织机构类型",
  "caseSensitive" : true,
  "content" : "complete",
  "count" : 27,
  "concept" : [{
    "code" : "1",
    "display" : "法人"
  },
  {
    "code" : "11",
    "display" : "营利法人"
  },
  {
    "code" : "111",
    "display" : "有限责任公司"
  },
  {
    "code" : "112",
    "display" : "股份有限公司"
  },
  {
    "code" : "119",
    "display" : "其他企业法人"
  },
  {
    "code" : "12",
    "display" : "非营利法人"
  },
  {
    "code" : "121",
    "display" : "事业单位法人"
  },
  {
    "code" : "122",
    "display" : "社会团体法人"
  },
  {
    "code" : "123",
    "display" : "捐助法人(基金会)"
  },
  {
    "code" : "124",
    "display" : "捐助法人(社会服务机构)"
  },
  {
    "code" : "125",
    "display" : "捐助法人(宗教活动场所)"
  },
  {
    "code" : "129",
    "display" : "其他非营利法人"
  },
  {
    "code" : "13",
    "display" : "特别法人"
  },
  {
    "code" : "131",
    "display" : "机关法人"
  },
  {
    "code" : "132",
    "display" : "农村集体经济组织法人"
  },
  {
    "code" : "133",
    "display" : "城镇农村的合作经济组织法人"
  },
  {
    "code" : "134",
    "display" : "基层群众性自治组织法人"
  },
  {
    "code" : "139",
    "display" : "其他特别法人"
  },
  {
    "code" : "2",
    "display" : "非法人组织"
  },
  {
    "code" : "21",
    "display" : "营利性非法人组织"
  },
  {
    "code" : "211",
    "display" : "个人独资企业"
  },
  {
    "code" : "212",
    "display" : "合伙企业"
  },
  {
    "code" : "213",
    "display" : "不具有法人资格的营利性专业服务机构"
  },
  {
    "code" : "219",
    "display" : "其他营利性非法人组织"
  },
  {
    "code" : "22",
    "display" : "非营利性非法人组织"
  },
  {
    "code" : "221",
    "display" : "不具有法人资格的非营利性专业服务机构"
  },
  {
    "code" : "229",
    "display" : "其他非营利性非法人组织"
  }]
}