<?xml version="1.0" encoding="UTF-8"?>

<CodeSystem xmlns="http://hl7.org/fhir">
  <id value="operatingstatus-code-system"/>
  <text>
    <status value="generated"/><div xmlns="http://www.w3.org/1999/xhtml"><p class="res-header-id"><b>Generated Narrative: CodeSystem operatingstatus-code-system</b></p><a name="operatingstatus-code-system"> </a><a name="hcoperatingstatus-code-system"> </a><a name="operatingstatus-code-system-en-US"> </a><p>This case-sensitive code system <code>http://fhir.cq.hc/CodeSystem/operatingstatus-code-system</code> defines the following codes:</p><table class="codes"><tr><td style="white-space:nowrap"><b>Code</b></td><td><b>Display</b></td></tr><tr><td style="white-space:nowrap">0<a name="operatingstatus-code-system-0"> </a></td><td>开业</td></tr><tr><td style="white-space:nowrap">1<a name="operatingstatus-code-system-1"> </a></td><td>筹建</td></tr><tr><td style="white-space:nowrap">2<a name="operatingstatus-code-system-2"> </a></td><td>停业</td></tr><tr><td style="white-space:nowrap">3<a name="operatingstatus-code-system-3"> </a></td><td>撤销</td></tr></table></div>
  </text>
  <url value="http://fhir.cq.hc/CodeSystem/operatingstatus-code-system"/>
  <version value="0.1.4"/>
  <name value="OperatingStatusCS"/>
  <title value="机构运营状态代码"/>
  <status value="active"/>
  <experimental value="false"/>
  <date value="2025-04-28T16:02:01+08:00"/>
  <publisher value="重庆市卫生健康统计信息中心"/>
  <contact>
    <name value="重庆市卫生健康统计信息中心"/>
    <telecom>
      <system value="url"/>
      <value value="http://www.cqshic.com"/>
    </telecom>
  </contact>
  <description value="机构运营状态代码，来源于统一直报系统字典。"/>
  <caseSensitive value="true"/>
  <content value="complete"/>
  <count value="4"/>
  <concept>
    <code value="0"/>
    <display value="开业"/>
  </concept>
  <concept>
    <code value="1"/>
    <display value="筹建"/>
  </concept>
  <concept>
    <code value="2"/>
    <display value="停业"/>
  </concept>
  <concept>
    <code value="3"/>
    <display value="撤销"/>
  </concept>
</CodeSystem>