<?xml version="1.0" encoding="UTF-8"?>

<CodeSystem xmlns="http://hl7.org/fhir">
  <id value="healthcareinstitutionstype-code-system"/>
  <text>
    <status value="generated"/><div xmlns="http://www.w3.org/1999/xhtml"><p class="res-header-id"><b>Generated Narrative: CodeSystem healthcareinstitutionstype-code-system</b></p><a name="healthcareinstitutionstype-code-system"> </a><a name="hchealthcareinstitutionstype-code-system"> </a><p>This case-sensitive code system <code>http://fhir.cq.hc/CodeSystem/healthcareinstitutionstype-code-system</code> defines the following codes:</p><table class="codes"><tr><td style="white-space:nowrap"><b>Code</b></td><td><b>Display</b></td></tr><tr><td style="white-space:nowrap">A100<a name="healthcareinstitutionstype-code-system-A100"> </a></td><td>综合医院</td></tr><tr><td style="white-space:nowrap">A210<a name="healthcareinstitutionstype-code-system-A210"> </a></td><td>中医（综合）医院</td></tr><tr><td style="white-space:nowrap">A220<a name="healthcareinstitutionstype-code-system-A220"> </a></td><td>中医专科医院</td></tr><tr><td style="white-space:nowrap">A221<a name="healthcareinstitutionstype-code-system-A221"> </a></td><td>肛肠医院</td></tr><tr><td style="white-space:nowrap">A222<a name="healthcareinstitutionstype-code-system-A222"> </a></td><td>骨伤医院</td></tr><tr><td style="white-space:nowrap">A223<a name="healthcareinstitutionstype-code-system-A223"> </a></td><td>针炙医院</td></tr><tr><td style="white-space:nowrap">A224<a name="healthcareinstitutionstype-code-system-A224"> </a></td><td>按摩医院</td></tr><tr><td style="white-space:nowrap">A229<a name="healthcareinstitutionstype-code-system-A229"> </a></td><td>其他中医专科医院</td></tr><tr><td style="white-space:nowrap">A300<a name="healthcareinstitutionstype-code-system-A300"> </a></td><td>中西医结合医院</td></tr><tr><td style="white-space:nowrap">A411<a name="healthcareinstitutionstype-code-system-A411"> </a></td><td>蒙医院</td></tr><tr><td style="white-space:nowrap">A412<a name="healthcareinstitutionstype-code-system-A412"> </a></td><td>藏医院</td></tr><tr><td style="white-space:nowrap">A413<a name="healthcareinstitutionstype-code-system-A413"> </a></td><td>维医院</td></tr><tr><td style="white-space:nowrap">A414<a name="healthcareinstitutionstype-code-system-A414"> </a></td><td>傣医院</td></tr><tr><td style="white-space:nowrap">A419<a name="healthcareinstitutionstype-code-system-A419"> </a></td><td>其他民族医院</td></tr><tr><td style="white-space:nowrap">A511<a name="healthcareinstitutionstype-code-system-A511"> </a></td><td>口腔医院</td></tr><tr><td style="white-space:nowrap">A512<a name="healthcareinstitutionstype-code-system-A512"> </a></td><td>眼科医院</td></tr><tr><td style="white-space:nowrap">A513<a name="healthcareinstitutionstype-code-system-A513"> </a></td><td>耳鼻喉科医院</td></tr><tr><td style="white-space:nowrap">A514<a name="healthcareinstitutionstype-code-system-A514"> </a></td><td>肿瘤医院</td></tr><tr><td style="white-space:nowrap">A515<a name="healthcareinstitutionstype-code-system-A515"> </a></td><td>心血管病医院</td></tr><tr><td style="white-space:nowrap">A516<a name="healthcareinstitutionstype-code-system-A516"> </a></td><td>胸科医院</td></tr><tr><td style="white-space:nowrap">A517<a name="healthcareinstitutionstype-code-system-A517"> </a></td><td>血液病医院</td></tr><tr><td style="white-space:nowrap">A518<a name="healthcareinstitutionstype-code-system-A518"> </a></td><td>妇产（科）医院</td></tr><tr><td style="white-space:nowrap">A519<a name="healthcareinstitutionstype-code-system-A519"> </a></td><td>儿童医院</td></tr><tr><td style="white-space:nowrap">A520<a name="healthcareinstitutionstype-code-system-A520"> </a></td><td>精神病医院</td></tr><tr><td style="white-space:nowrap">A521<a name="healthcareinstitutionstype-code-system-A521"> </a></td><td>传染病医院</td></tr><tr><td style="white-space:nowrap">A522<a name="healthcareinstitutionstype-code-system-A522"> </a></td><td>皮肤病医院</td></tr><tr><td style="white-space:nowrap">A523<a name="healthcareinstitutionstype-code-system-A523"> </a></td><td>结核病医院</td></tr><tr><td style="white-space:nowrap">A524<a name="healthcareinstitutionstype-code-system-A524"> </a></td><td>麻风病医院</td></tr><tr><td style="white-space:nowrap">A525<a name="healthcareinstitutionstype-code-system-A525"> </a></td><td>职业病医院</td></tr><tr><td style="white-space:nowrap">A526<a name="healthcareinstitutionstype-code-system-A526"> </a></td><td>骨科医院</td></tr><tr><td style="white-space:nowrap">A527<a name="healthcareinstitutionstype-code-system-A527"> </a></td><td>康复医院</td></tr><tr><td style="white-space:nowrap">A528<a name="healthcareinstitutionstype-code-system-A528"> </a></td><td>整形外科医院</td></tr><tr><td style="white-space:nowrap">A529<a name="healthcareinstitutionstype-code-system-A529"> </a></td><td>美容医院</td></tr><tr><td style="white-space:nowrap">A539<a name="healthcareinstitutionstype-code-system-A539"> </a></td><td>其他专科医院</td></tr><tr><td style="white-space:nowrap">A610<a name="healthcareinstitutionstype-code-system-A610"> </a></td><td>疗养院</td></tr><tr><td style="white-space:nowrap">A620<a name="healthcareinstitutionstype-code-system-A620"> </a></td><td>康复医疗中心</td></tr><tr><td style="white-space:nowrap">A630<a name="healthcareinstitutionstype-code-system-A630"> </a></td><td>安宁疗护中心</td></tr><tr><td style="white-space:nowrap">A710<a name="healthcareinstitutionstype-code-system-A710"> </a></td><td>护理院</td></tr><tr><td style="white-space:nowrap">A720<a name="healthcareinstitutionstype-code-system-A720"> </a></td><td>护理站</td></tr><tr><td style="white-space:nowrap">A730<a name="healthcareinstitutionstype-code-system-A730"> </a></td><td>护理中心</td></tr><tr><td style="white-space:nowrap">A810<a name="healthcareinstitutionstype-code-system-A810"> </a></td><td>部队综合医院</td></tr><tr><td style="white-space:nowrap">A911<a name="healthcareinstitutionstype-code-system-A911"> </a></td><td>作为实体医疗机构第二名称的互联网医院</td></tr><tr><td style="white-space:nowrap">A912<a name="healthcareinstitutionstype-code-system-A912"> </a></td><td>依托实体医疗机构独立设置的互联网医院</td></tr><tr><td style="white-space:nowrap">A920<a name="healthcareinstitutionstype-code-system-A920"> </a></td><td>无实体机构依托的互联网医院</td></tr><tr><td style="white-space:nowrap">B100<a name="healthcareinstitutionstype-code-system-B100"> </a></td><td>社区卫生服务中心</td></tr><tr><td style="white-space:nowrap">B200<a name="healthcareinstitutionstype-code-system-B200"> </a></td><td>社区卫生服务站</td></tr><tr><td style="white-space:nowrap">C100<a name="healthcareinstitutionstype-code-system-C100"> </a></td><td>街道卫生院</td></tr><tr><td style="white-space:nowrap">C210<a name="healthcareinstitutionstype-code-system-C210"> </a></td><td>中心卫生院</td></tr><tr><td style="white-space:nowrap">C220<a name="healthcareinstitutionstype-code-system-C220"> </a></td><td>乡卫生院</td></tr><tr><td style="white-space:nowrap">D110<a name="healthcareinstitutionstype-code-system-D110"> </a></td><td>综合门诊部</td></tr><tr><td style="white-space:nowrap">D120<a name="healthcareinstitutionstype-code-system-D120"> </a></td><td>中医门诊部</td></tr><tr><td style="white-space:nowrap">D121<a name="healthcareinstitutionstype-code-system-D121"> </a></td><td>中医（综合）门诊部</td></tr><tr><td style="white-space:nowrap">D122<a name="healthcareinstitutionstype-code-system-D122"> </a></td><td>中医专科门诊部</td></tr><tr><td style="white-space:nowrap">D130<a name="healthcareinstitutionstype-code-system-D130"> </a></td><td>中西医结合门诊部</td></tr><tr><td style="white-space:nowrap">D140<a name="healthcareinstitutionstype-code-system-D140"> </a></td><td>民族医门诊部</td></tr><tr><td style="white-space:nowrap">D150<a name="healthcareinstitutionstype-code-system-D150"> </a></td><td>专科门诊部</td></tr><tr><td style="white-space:nowrap">D151<a name="healthcareinstitutionstype-code-system-D151"> </a></td><td>普通专科门诊部</td></tr><tr><td style="white-space:nowrap">D152<a name="healthcareinstitutionstype-code-system-D152"> </a></td><td>口腔门诊部</td></tr><tr><td style="white-space:nowrap">D153<a name="healthcareinstitutionstype-code-system-D153"> </a></td><td>眼科门诊部</td></tr><tr><td style="white-space:nowrap">D154<a name="healthcareinstitutionstype-code-system-D154"> </a></td><td>医疗美容门诊部</td></tr><tr><td style="white-space:nowrap">D155<a name="healthcareinstitutionstype-code-system-D155"> </a></td><td>精神卫生门诊部</td></tr><tr><td style="white-space:nowrap">D159<a name="healthcareinstitutionstype-code-system-D159"> </a></td><td>其他专科门诊部</td></tr><tr><td style="white-space:nowrap">D211<a name="healthcareinstitutionstype-code-system-D211"> </a></td><td>普通诊所</td></tr><tr><td style="white-space:nowrap">D212<a name="healthcareinstitutionstype-code-system-D212"> </a></td><td>中医（综合）诊所</td></tr><tr><td style="white-space:nowrap">D213<a name="healthcareinstitutionstype-code-system-D213"> </a></td><td>中西医结合诊所</td></tr><tr><td style="white-space:nowrap">D214<a name="healthcareinstitutionstype-code-system-D214"> </a></td><td>民族医诊所</td></tr><tr><td style="white-space:nowrap">D215<a name="healthcareinstitutionstype-code-system-D215"> </a></td><td>口腔诊所</td></tr><tr><td style="white-space:nowrap">D216<a name="healthcareinstitutionstype-code-system-D216"> </a></td><td>医疗美容诊所</td></tr><tr><td style="white-space:nowrap">D217<a name="healthcareinstitutionstype-code-system-D217"> </a></td><td>精神卫生诊所</td></tr><tr><td style="white-space:nowrap">D218<a name="healthcareinstitutionstype-code-system-D218"> </a></td><td>中医诊所（备案）</td></tr><tr><td style="white-space:nowrap">D219<a name="healthcareinstitutionstype-code-system-D219"> </a></td><td>普通诊所（备案）</td></tr><tr><td style="white-space:nowrap">D220<a name="healthcareinstitutionstype-code-system-D220"> </a></td><td>口腔诊所（备案）</td></tr><tr><td style="white-space:nowrap">D221<a name="healthcareinstitutionstype-code-system-D221"> </a></td><td>医疗美容诊所（备案）</td></tr><tr><td style="white-space:nowrap">D222<a name="healthcareinstitutionstype-code-system-D222"> </a></td><td>中医（综合）诊所（备案）</td></tr><tr><td style="white-space:nowrap">D223<a name="healthcareinstitutionstype-code-system-D223"> </a></td><td>中西医结合诊所（备案）</td></tr><tr><td style="white-space:nowrap">D229<a name="healthcareinstitutionstype-code-system-D229"> </a></td><td>其他诊所</td></tr><tr><td style="white-space:nowrap">D300<a name="healthcareinstitutionstype-code-system-D300"> </a></td><td>卫生所（室、站）</td></tr><tr><td style="white-space:nowrap">D400<a name="healthcareinstitutionstype-code-system-D400"> </a></td><td>医务室</td></tr><tr><td style="white-space:nowrap">D500<a name="healthcareinstitutionstype-code-system-D500"> </a></td><td>中小学卫生保健所</td></tr><tr><td style="white-space:nowrap">D600<a name="healthcareinstitutionstype-code-system-D600"> </a></td><td>村卫生室（所）</td></tr><tr><td style="white-space:nowrap">E100<a name="healthcareinstitutionstype-code-system-E100"> </a></td><td>急救中心</td></tr><tr><td style="white-space:nowrap">E200<a name="healthcareinstitutionstype-code-system-E200"> </a></td><td>急救中心站</td></tr><tr><td style="white-space:nowrap">E300<a name="healthcareinstitutionstype-code-system-E300"> </a></td><td>急救站</td></tr><tr><td style="white-space:nowrap">F110<a name="healthcareinstitutionstype-code-system-F110"> </a></td><td>血液中心</td></tr><tr><td style="white-space:nowrap">F120<a name="healthcareinstitutionstype-code-system-F120"> </a></td><td>中心血站</td></tr><tr><td style="white-space:nowrap">F130<a name="healthcareinstitutionstype-code-system-F130"> </a></td><td>基层血站、中心血库</td></tr><tr><td style="white-space:nowrap">F200<a name="healthcareinstitutionstype-code-system-F200"> </a></td><td>单采血浆站</td></tr><tr><td style="white-space:nowrap">G100<a name="healthcareinstitutionstype-code-system-G100"> </a></td><td>妇幼保健院</td></tr><tr><td style="white-space:nowrap">G200<a name="healthcareinstitutionstype-code-system-G200"> </a></td><td>妇幼保健所</td></tr><tr><td style="white-space:nowrap">G300<a name="healthcareinstitutionstype-code-system-G300"> </a></td><td>妇幼保健站</td></tr><tr><td style="white-space:nowrap">G400<a name="healthcareinstitutionstype-code-system-G400"> </a></td><td>生殖健康中心</td></tr><tr><td style="white-space:nowrap">G500<a name="healthcareinstitutionstype-code-system-G500"> </a></td><td>母婴护理保健中心</td></tr><tr><td style="white-space:nowrap">G600<a name="healthcareinstitutionstype-code-system-G600"> </a></td><td>妇幼保健计划生育服务中心</td></tr><tr><td style="white-space:nowrap">H111<a name="healthcareinstitutionstype-code-system-H111"> </a></td><td>传染病防治院</td></tr><tr><td style="white-space:nowrap">H112<a name="healthcareinstitutionstype-code-system-H112"> </a></td><td>结核病防治院</td></tr><tr><td style="white-space:nowrap">H113<a name="healthcareinstitutionstype-code-system-H113"> </a></td><td>职业病防治院</td></tr><tr><td style="white-space:nowrap">H119<a name="healthcareinstitutionstype-code-system-H119"> </a></td><td>其他专科疾病防治院</td></tr><tr><td style="white-space:nowrap">H211<a name="healthcareinstitutionstype-code-system-H211"> </a></td><td>口腔病防治所（站、中心）</td></tr><tr><td style="white-space:nowrap">H212<a name="healthcareinstitutionstype-code-system-H212"> </a></td><td>精神病防治所（站、中心）</td></tr><tr><td style="white-space:nowrap">H213<a name="healthcareinstitutionstype-code-system-H213"> </a></td><td>皮肤病防治所（站、中心）</td></tr><tr><td style="white-space:nowrap">H214<a name="healthcareinstitutionstype-code-system-H214"> </a></td><td>结核病防治所（站、中心）</td></tr><tr><td style="white-space:nowrap">H215<a name="healthcareinstitutionstype-code-system-H215"> </a></td><td>麻风病防治所（站、中心）</td></tr><tr><td style="white-space:nowrap">H216<a name="healthcareinstitutionstype-code-system-H216"> </a></td><td>职业病防治所（站、中心）</td></tr><tr><td style="white-space:nowrap">H217<a name="healthcareinstitutionstype-code-system-H217"> </a></td><td>寄生虫病防治所（站、中心）</td></tr><tr><td style="white-space:nowrap">H218<a name="healthcareinstitutionstype-code-system-H218"> </a></td><td>地方病防治所（站、中心）</td></tr><tr><td style="white-space:nowrap">H219<a name="healthcareinstitutionstype-code-system-H219"> </a></td><td>血吸虫病防治所（站、中心）</td></tr><tr><td style="white-space:nowrap">H220<a name="healthcareinstitutionstype-code-system-H220"> </a></td><td>药物戒毒所（中心）</td></tr><tr><td style="white-space:nowrap">H229<a name="healthcareinstitutionstype-code-system-H229"> </a></td><td>其他专科疾病防治所（站、中心）</td></tr><tr><td style="white-space:nowrap">J100<a name="healthcareinstitutionstype-code-system-J100"> </a></td><td>疾病预防控制中心</td></tr><tr><td style="white-space:nowrap">J200<a name="healthcareinstitutionstype-code-system-J200"> </a></td><td>卫生防疫站</td></tr><tr><td style="white-space:nowrap">J300<a name="healthcareinstitutionstype-code-system-J300"> </a></td><td>卫生防病中心</td></tr><tr><td style="white-space:nowrap">J400<a name="healthcareinstitutionstype-code-system-J400"> </a></td><td>预防保健中心</td></tr><tr><td style="white-space:nowrap">K100<a name="healthcareinstitutionstype-code-system-K100"> </a></td><td>卫生监督所（局、中心、执法大队）</td></tr><tr><td style="white-space:nowrap">L100<a name="healthcareinstitutionstype-code-system-L100"> </a></td><td>卫生（综合）监督检验（监测、检测）所（站）</td></tr><tr><td style="white-space:nowrap">L200<a name="healthcareinstitutionstype-code-system-L200"> </a></td><td>环境卫生监督检验（监测、检测）所（站）</td></tr><tr><td style="white-space:nowrap">L300<a name="healthcareinstitutionstype-code-system-L300"> </a></td><td>放射卫生监督检验（监测、检测）所（站）</td></tr><tr><td style="white-space:nowrap">L400<a name="healthcareinstitutionstype-code-system-L400"> </a></td><td>职业卫生监督检验（监测、检测）所（站）</td></tr><tr><td style="white-space:nowrap">L500<a name="healthcareinstitutionstype-code-system-L500"> </a></td><td>食品卫生监督检验（监测、检测）所（站）</td></tr><tr><td style="white-space:nowrap">L600<a name="healthcareinstitutionstype-code-system-L600"> </a></td><td>学校卫生监督检验（监测、检测）所（站）</td></tr><tr><td style="white-space:nowrap">L900<a name="healthcareinstitutionstype-code-system-L900"> </a></td><td>其他卫生监督检验（监测、检测）所（站）</td></tr><tr><td style="white-space:nowrap">M100<a name="healthcareinstitutionstype-code-system-M100"> </a></td><td>医学科学（研究）院（所）</td></tr><tr><td style="white-space:nowrap">M200<a name="healthcareinstitutionstype-code-system-M200"> </a></td><td>预防医学研究院（所）</td></tr><tr><td style="white-space:nowrap">M300<a name="healthcareinstitutionstype-code-system-M300"> </a></td><td>中医（药）研究院（所）</td></tr><tr><td style="white-space:nowrap">M400<a name="healthcareinstitutionstype-code-system-M400"> </a></td><td>中西医结合研究所</td></tr><tr><td style="white-space:nowrap">M500<a name="healthcareinstitutionstype-code-system-M500"> </a></td><td>民族医（药）学研究所</td></tr><tr><td style="white-space:nowrap">M611<a name="healthcareinstitutionstype-code-system-M611"> </a></td><td>基础医学研究所</td></tr><tr><td style="white-space:nowrap">M612<a name="healthcareinstitutionstype-code-system-M612"> </a></td><td>病毒学研究所</td></tr><tr><td style="white-space:nowrap">M613<a name="healthcareinstitutionstype-code-system-M613"> </a></td><td>老年医学研究所</td></tr><tr><td style="white-space:nowrap">M614<a name="healthcareinstitutionstype-code-system-M614"> </a></td><td>肿瘤（防治）研究所</td></tr><tr><td style="white-space:nowrap">M615<a name="healthcareinstitutionstype-code-system-M615"> </a></td><td>心血管病研究所</td></tr><tr><td style="white-space:nowrap">M616<a name="healthcareinstitutionstype-code-system-M616"> </a></td><td>血液学研究所</td></tr><tr><td style="white-space:nowrap">M617<a name="healthcareinstitutionstype-code-system-M617"> </a></td><td>整形外科研究所</td></tr><tr><td style="white-space:nowrap">M618<a name="healthcareinstitutionstype-code-system-M618"> </a></td><td>精神卫生研究所</td></tr><tr><td style="white-space:nowrap">M619<a name="healthcareinstitutionstype-code-system-M619"> </a></td><td>放射医学研究所</td></tr><tr><td style="white-space:nowrap">M620<a name="healthcareinstitutionstype-code-system-M620"> </a></td><td>医学生物学研究所</td></tr><tr><td style="white-space:nowrap">M621<a name="healthcareinstitutionstype-code-system-M621"> </a></td><td>生物医学工程研究所</td></tr><tr><td style="white-space:nowrap">M622<a name="healthcareinstitutionstype-code-system-M622"> </a></td><td>实验动物研究所</td></tr><tr><td style="white-space:nowrap">M623<a name="healthcareinstitutionstype-code-system-M623"> </a></td><td>结核病防治研究所</td></tr><tr><td style="white-space:nowrap">M624<a name="healthcareinstitutionstype-code-system-M624"> </a></td><td>皮肤病与性病防治研究所</td></tr><tr><td style="white-space:nowrap">M625<a name="healthcareinstitutionstype-code-system-M625"> </a></td><td>寄生虫病防治研究所</td></tr><tr><td style="white-space:nowrap">M626<a name="healthcareinstitutionstype-code-system-M626"> </a></td><td>地方病防治研究所</td></tr><tr><td style="white-space:nowrap">M627<a name="healthcareinstitutionstype-code-system-M627"> </a></td><td>血吸虫病防治研究所</td></tr><tr><td style="white-space:nowrap">M628<a name="healthcareinstitutionstype-code-system-M628"> </a></td><td>流行病学研究所</td></tr><tr><td style="white-space:nowrap">M629<a name="healthcareinstitutionstype-code-system-M629"> </a></td><td>医学微生物学研究所</td></tr><tr><td style="white-space:nowrap">M630<a name="healthcareinstitutionstype-code-system-M630"> </a></td><td>环境卫生研究所</td></tr><tr><td style="white-space:nowrap">M631<a name="healthcareinstitutionstype-code-system-M631"> </a></td><td>劳动卫生（职业病）研究所</td></tr><tr><td style="white-space:nowrap">M632<a name="healthcareinstitutionstype-code-system-M632"> </a></td><td>营养与食品卫生研究所</td></tr><tr><td style="white-space:nowrap">M633<a name="healthcareinstitutionstype-code-system-M633"> </a></td><td>儿少卫生研究所</td></tr><tr><td style="white-space:nowrap">M634<a name="healthcareinstitutionstype-code-system-M634"> </a></td><td>医学信息研究所</td></tr><tr><td style="white-space:nowrap">M635<a name="healthcareinstitutionstype-code-system-M635"> </a></td><td>呼吸病研究所</td></tr><tr><td style="white-space:nowrap">M649<a name="healthcareinstitutionstype-code-system-M649"> </a></td><td>其他医学专科研究所</td></tr><tr><td style="white-space:nowrap">M700<a name="healthcareinstitutionstype-code-system-M700"> </a></td><td>药学研究所</td></tr><tr><td style="white-space:nowrap">N100<a name="healthcareinstitutionstype-code-system-N100"> </a></td><td>医学普通高中等学校</td></tr><tr><td style="white-space:nowrap">N110<a name="healthcareinstitutionstype-code-system-N110"> </a></td><td>医学普通高等学校</td></tr><tr><td style="white-space:nowrap">N111<a name="healthcareinstitutionstype-code-system-N111"> </a></td><td>医学院</td></tr><tr><td style="white-space:nowrap">N112<a name="healthcareinstitutionstype-code-system-N112"> </a></td><td>中医（药）学院</td></tr><tr><td style="white-space:nowrap">N113<a name="healthcareinstitutionstype-code-system-N113"> </a></td><td>民族医（药）学院</td></tr><tr><td style="white-space:nowrap">N119<a name="healthcareinstitutionstype-code-system-N119"> </a></td><td>其他医学普通高等学校</td></tr><tr><td style="white-space:nowrap">N120<a name="healthcareinstitutionstype-code-system-N120"> </a></td><td>医学普通中等专业学校</td></tr><tr><td style="white-space:nowrap">N121<a name="healthcareinstitutionstype-code-system-N121"> </a></td><td>卫生学校</td></tr><tr><td style="white-space:nowrap">N122<a name="healthcareinstitutionstype-code-system-N122"> </a></td><td>中医（药）学校</td></tr><tr><td style="white-space:nowrap">N123<a name="healthcareinstitutionstype-code-system-N123"> </a></td><td>民族医（药）学校</td></tr><tr><td style="white-space:nowrap">N124<a name="healthcareinstitutionstype-code-system-N124"> </a></td><td>护士学校</td></tr><tr><td style="white-space:nowrap">N200<a name="healthcareinstitutionstype-code-system-N200"> </a></td><td>医学成人学校</td></tr><tr><td style="white-space:nowrap">N210<a name="healthcareinstitutionstype-code-system-N210"> </a></td><td>医学成人高等学校</td></tr><tr><td style="white-space:nowrap">N211<a name="healthcareinstitutionstype-code-system-N211"> </a></td><td>职工医学院</td></tr><tr><td style="white-space:nowrap">N212<a name="healthcareinstitutionstype-code-system-N212"> </a></td><td>卫生管理干都学院</td></tr><tr><td style="white-space:nowrap">N219<a name="healthcareinstitutionstype-code-system-N219"> </a></td><td>其他医学成人高等学校</td></tr><tr><td style="white-space:nowrap">N220<a name="healthcareinstitutionstype-code-system-N220"> </a></td><td>医学成人中等学校</td></tr><tr><td style="white-space:nowrap">N221<a name="healthcareinstitutionstype-code-system-N221"> </a></td><td>卫生职业（工）中等专业学校</td></tr><tr><td style="white-space:nowrap">N222<a name="healthcareinstitutionstype-code-system-N222"> </a></td><td>中医（药）职业中等专业学校</td></tr><tr><td style="white-space:nowrap">N223<a name="healthcareinstitutionstype-code-system-N223"> </a></td><td>卫生进修学校</td></tr><tr><td style="white-space:nowrap">N229<a name="healthcareinstitutionstype-code-system-N229"> </a></td><td>其他医学成人中等学校</td></tr><tr><td style="white-space:nowrap">N300<a name="healthcareinstitutionstype-code-system-N300"> </a></td><td>医学在职培训机构</td></tr><tr><td style="white-space:nowrap">N310<a name="healthcareinstitutionstype-code-system-N310"> </a></td><td>继续医学教育中心</td></tr><tr><td style="white-space:nowrap">N320<a name="healthcareinstitutionstype-code-system-N320"> </a></td><td>卫生人员培训中心</td></tr><tr><td style="white-space:nowrap">N390<a name="healthcareinstitutionstype-code-system-N390"> </a></td><td>其他医学在职培训机构</td></tr><tr><td style="white-space:nowrap">O100<a name="healthcareinstitutionstype-code-system-O100"> </a></td><td>健康教育所</td></tr><tr><td style="white-space:nowrap">O200<a name="healthcareinstitutionstype-code-system-O200"> </a></td><td>健康教育站</td></tr><tr><td style="white-space:nowrap">O300<a name="healthcareinstitutionstype-code-system-O300"> </a></td><td>健康教育中心</td></tr><tr><td style="white-space:nowrap">O400<a name="healthcareinstitutionstype-code-system-O400"> </a></td><td>人口宣传教育中心</td></tr><tr><td style="white-space:nowrap">P110<a name="healthcareinstitutionstype-code-system-P110"> </a></td><td>临床检验中心</td></tr><tr><td style="white-space:nowrap">P120<a name="healthcareinstitutionstype-code-system-P120"> </a></td><td>临床检验所（站）</td></tr><tr><td style="white-space:nowrap">P210<a name="healthcareinstitutionstype-code-system-P210"> </a></td><td>卫生图书出版社</td></tr><tr><td style="white-space:nowrap">P220<a name="healthcareinstitutionstype-code-system-P220"> </a></td><td>卫生报纸出版社</td></tr><tr><td style="white-space:nowrap">P230<a name="healthcareinstitutionstype-code-system-P230"> </a></td><td>卫生杂志社</td></tr><tr><td style="white-space:nowrap">P290<a name="healthcareinstitutionstype-code-system-P290"> </a></td><td>其他卫生新闻出版社</td></tr><tr><td style="white-space:nowrap">P300<a name="healthcareinstitutionstype-code-system-P300"> </a></td><td>健康体检中心</td></tr><tr><td style="white-space:nowrap">P410<a name="healthcareinstitutionstype-code-system-P410"> </a></td><td>医学检验实验室</td></tr><tr><td style="white-space:nowrap">P420<a name="healthcareinstitutionstype-code-system-P420"> </a></td><td>病理诊断中心</td></tr><tr><td style="white-space:nowrap">P430<a name="healthcareinstitutionstype-code-system-P430"> </a></td><td>医学影像诊断中心</td></tr><tr><td style="white-space:nowrap">P440<a name="healthcareinstitutionstype-code-system-P440"> </a></td><td>血液透析中心</td></tr><tr><td style="white-space:nowrap">P450<a name="healthcareinstitutionstype-code-system-P450"> </a></td><td>医疗消毒供应中心</td></tr><tr><td style="white-space:nowrap">P490<a name="healthcareinstitutionstype-code-system-P490"> </a></td><td>其他辅助类诊疗服务机构</td></tr><tr><td style="white-space:nowrap">P911<a name="healthcareinstitutionstype-code-system-P911"> </a></td><td>精神病收容所</td></tr><tr><td style="white-space:nowrap">P912<a name="healthcareinstitutionstype-code-system-P912"> </a></td><td>麻风村</td></tr><tr><td style="white-space:nowrap">P913<a name="healthcareinstitutionstype-code-system-P913"> </a></td><td>卫生消毒站</td></tr><tr><td style="white-space:nowrap">P914<a name="healthcareinstitutionstype-code-system-P914"> </a></td><td>乡防保组</td></tr><tr><td style="white-space:nowrap">P915<a name="healthcareinstitutionstype-code-system-P915"> </a></td><td>农村改水中心</td></tr><tr><td style="white-space:nowrap">P916<a name="healthcareinstitutionstype-code-system-P916"> </a></td><td>计划生育技术服务中心（站、所、办公室）</td></tr><tr><td style="white-space:nowrap">P917<a name="healthcareinstitutionstype-code-system-P917"> </a></td><td>机关服务中心</td></tr><tr><td style="white-space:nowrap">P918<a name="healthcareinstitutionstype-code-system-P918"> </a></td><td>统计信息中心</td></tr><tr><td style="white-space:nowrap">P919<a name="healthcareinstitutionstype-code-system-P919"> </a></td><td>医学考试中心</td></tr><tr><td style="white-space:nowrap">P920<a name="healthcareinstitutionstype-code-system-P920"> </a></td><td>卫生人才交流中心</td></tr><tr><td style="white-space:nowrap">P921<a name="healthcareinstitutionstype-code-system-P921"> </a></td><td>医学科技交流中心</td></tr><tr><td style="white-space:nowrap">P922<a name="healthcareinstitutionstype-code-system-P922"> </a></td><td>医疗管理服务指导中心</td></tr><tr><td style="white-space:nowrap">P923<a name="healthcareinstitutionstype-code-system-P923"> </a></td><td>食品安全风险评估中心</td></tr><tr><td style="white-space:nowrap">P924<a name="healthcareinstitutionstype-code-system-P924"> </a></td><td>社区卫生服务管理中心</td></tr><tr><td style="white-space:nowrap">P939<a name="healthcareinstitutionstype-code-system-P939"> </a></td><td>其他</td></tr><tr><td style="white-space:nowrap">Q100<a name="healthcareinstitutionstype-code-system-Q100"> </a></td><td>红十字会</td></tr><tr><td style="white-space:nowrap">Q200<a name="healthcareinstitutionstype-code-system-Q200"> </a></td><td>医学会</td></tr><tr><td style="white-space:nowrap">Q300<a name="healthcareinstitutionstype-code-system-Q300"> </a></td><td>卫生协会</td></tr><tr><td style="white-space:nowrap">Q311<a name="healthcareinstitutionstype-code-system-Q311"> </a></td><td>输血协会</td></tr><tr><td style="white-space:nowrap">Q312<a name="healthcareinstitutionstype-code-system-Q312"> </a></td><td>医师协会</td></tr><tr><td style="white-space:nowrap">Q339<a name="healthcareinstitutionstype-code-system-Q339"> </a></td><td>其他卫生协会</td></tr><tr><td style="white-space:nowrap">Q900<a name="healthcareinstitutionstype-code-system-Q900"> </a></td><td>其他卫生社会团体</td></tr><tr><td style="white-space:nowrap">R100<a name="healthcareinstitutionstype-code-system-R100"> </a></td><td>托育机构</td></tr><tr><td style="white-space:nowrap">R200<a name="healthcareinstitutionstype-code-system-R200"> </a></td><td>幼儿园托班</td></tr><tr><td style="white-space:nowrap">R300<a name="healthcareinstitutionstype-code-system-R300"> </a></td><td>家庭托育点</td></tr><tr><td style="white-space:nowrap">R400<a name="healthcareinstitutionstype-code-system-R400"> </a></td><td>社区托育（园）点</td></tr><tr><td style="white-space:nowrap">R900<a name="healthcareinstitutionstype-code-system-R900"> </a></td><td>其他</td></tr><tr><td style="white-space:nowrap">X0<a name="healthcareinstitutionstype-code-system-X0"> </a></td><td>省级卫生厅（局）基层户</td></tr><tr><td style="white-space:nowrap">X1<a name="healthcareinstitutionstype-code-system-X1"> </a></td><td>省卫生厅</td></tr><tr><td style="white-space:nowrap">X10<a name="healthcareinstitutionstype-code-system-X10"> </a></td><td>地市级卫生局基层户</td></tr><tr><td style="white-space:nowrap">X100<a name="healthcareinstitutionstype-code-system-X100"> </a></td><td>县（区、县级市）卫生局基层户</td></tr><tr><td style="white-space:nowrap">X101<a name="healthcareinstitutionstype-code-system-X101"> </a></td><td>虚拟卫生局基层户</td></tr><tr><td style="white-space:nowrap">X11<a name="healthcareinstitutionstype-code-system-X11"> </a></td><td>地市卫生局</td></tr><tr><td style="white-space:nowrap">X111<a name="healthcareinstitutionstype-code-system-X111"> </a></td><td>县区卫生局</td></tr><tr><td style="white-space:nowrap">Z1<a name="healthcareinstitutionstype-code-system-Z1"> </a></td><td>业务处室</td></tr><tr><td style="white-space:nowrap">Z100<a name="healthcareinstitutionstype-code-system-Z100"> </a></td><td>业务处室</td></tr></table></div>
  </text>
  <url value="http://fhir.cq.hc/CodeSystem/healthcareinstitutionstype-code-system"/>
  <version value="0.1.6"/>
  <name value="HealthcareInstitutionsTypeCS"/>
  <title value="卫生机构（组织）分类与代码"/>
  <status value="active"/>
  <experimental value="false"/>
  <date value="2025-06-27T14:36:55+08:00"/>
  <publisher value="重庆市卫生健康统计信息中心"/>
  <contact>
    <name value="重庆市卫生健康统计信息中心"/>
    <telecom>
      <system value="url"/>
      <value value="http://www.cqshic.com"/>
    </telecom>
  </contact>
  <description value="行业标准WS 218-2002 卫生机构（组织）分类与代码,不适用1、2级码，仅使用第三级代码"/>
  <caseSensitive value="true"/>
  <content value="complete"/>
  <count value="230"/>
  <concept>
    <code value="A100"/>
    <display value="综合医院"/>
  </concept>
  <concept>
    <code value="A210"/>
    <display value="中医（综合）医院"/>
  </concept>
  <concept>
    <code value="A220"/>
    <display value="中医专科医院"/>
  </concept>
  <concept>
    <code value="A221"/>
    <display value="肛肠医院"/>
  </concept>
  <concept>
    <code value="A222"/>
    <display value="骨伤医院"/>
  </concept>
  <concept>
    <code value="A223"/>
    <display value="针炙医院"/>
  </concept>
  <concept>
    <code value="A224"/>
    <display value="按摩医院"/>
  </concept>
  <concept>
    <code value="A229"/>
    <display value="其他中医专科医院"/>
  </concept>
  <concept>
    <code value="A300"/>
    <display value="中西医结合医院"/>
  </concept>
  <concept>
    <code value="A411"/>
    <display value="蒙医院"/>
  </concept>
  <concept>
    <code value="A412"/>
    <display value="藏医院"/>
  </concept>
  <concept>
    <code value="A413"/>
    <display value="维医院"/>
  </concept>
  <concept>
    <code value="A414"/>
    <display value="傣医院"/>
  </concept>
  <concept>
    <code value="A419"/>
    <display value="其他民族医院"/>
  </concept>
  <concept>
    <code value="A511"/>
    <display value="口腔医院"/>
  </concept>
  <concept>
    <code value="A512"/>
    <display value="眼科医院"/>
  </concept>
  <concept>
    <code value="A513"/>
    <display value="耳鼻喉科医院"/>
  </concept>
  <concept>
    <code value="A514"/>
    <display value="肿瘤医院"/>
  </concept>
  <concept>
    <code value="A515"/>
    <display value="心血管病医院"/>
  </concept>
  <concept>
    <code value="A516"/>
    <display value="胸科医院"/>
  </concept>
  <concept>
    <code value="A517"/>
    <display value="血液病医院"/>
  </concept>
  <concept>
    <code value="A518"/>
    <display value="妇产（科）医院"/>
  </concept>
  <concept>
    <code value="A519"/>
    <display value="儿童医院"/>
  </concept>
  <concept>
    <code value="A520"/>
    <display value="精神病医院"/>
  </concept>
  <concept>
    <code value="A521"/>
    <display value="传染病医院"/>
  </concept>
  <concept>
    <code value="A522"/>
    <display value="皮肤病医院"/>
  </concept>
  <concept>
    <code value="A523"/>
    <display value="结核病医院"/>
  </concept>
  <concept>
    <code value="A524"/>
    <display value="麻风病医院"/>
  </concept>
  <concept>
    <code value="A525"/>
    <display value="职业病医院"/>
  </concept>
  <concept>
    <code value="A526"/>
    <display value="骨科医院"/>
  </concept>
  <concept>
    <code value="A527"/>
    <display value="康复医院"/>
  </concept>
  <concept>
    <code value="A528"/>
    <display value="整形外科医院"/>
  </concept>
  <concept>
    <code value="A529"/>
    <display value="美容医院"/>
  </concept>
  <concept>
    <code value="A539"/>
    <display value="其他专科医院"/>
  </concept>
  <concept>
    <code value="A610"/>
    <display value="疗养院"/>
  </concept>
  <concept>
    <code value="A620"/>
    <display value="康复医疗中心"/>
  </concept>
  <concept>
    <code value="A630"/>
    <display value="安宁疗护中心"/>
  </concept>
  <concept>
    <code value="A710"/>
    <display value="护理院"/>
  </concept>
  <concept>
    <code value="A720"/>
    <display value="护理站"/>
  </concept>
  <concept>
    <code value="A730"/>
    <display value="护理中心"/>
  </concept>
  <concept>
    <code value="A810"/>
    <display value="部队综合医院"/>
  </concept>
  <concept>
    <code value="A911"/>
    <display value="作为实体医疗机构第二名称的互联网医院"/>
  </concept>
  <concept>
    <code value="A912"/>
    <display value="依托实体医疗机构独立设置的互联网医院"/>
  </concept>
  <concept>
    <code value="A920"/>
    <display value="无实体机构依托的互联网医院"/>
  </concept>
  <concept>
    <code value="B100"/>
    <display value="社区卫生服务中心"/>
  </concept>
  <concept>
    <code value="B200"/>
    <display value="社区卫生服务站"/>
  </concept>
  <concept>
    <code value="C100"/>
    <display value="街道卫生院"/>
  </concept>
  <concept>
    <code value="C210"/>
    <display value="中心卫生院"/>
  </concept>
  <concept>
    <code value="C220"/>
    <display value="乡卫生院"/>
  </concept>
  <concept>
    <code value="D110"/>
    <display value="综合门诊部"/>
  </concept>
  <concept>
    <code value="D120"/>
    <display value="中医门诊部"/>
  </concept>
  <concept>
    <code value="D121"/>
    <display value="中医（综合）门诊部"/>
  </concept>
  <concept>
    <code value="D122"/>
    <display value="中医专科门诊部"/>
  </concept>
  <concept>
    <code value="D130"/>
    <display value="中西医结合门诊部"/>
  </concept>
  <concept>
    <code value="D140"/>
    <display value="民族医门诊部"/>
  </concept>
  <concept>
    <code value="D150"/>
    <display value="专科门诊部"/>
  </concept>
  <concept>
    <code value="D151"/>
    <display value="普通专科门诊部"/>
  </concept>
  <concept>
    <code value="D152"/>
    <display value="口腔门诊部"/>
  </concept>
  <concept>
    <code value="D153"/>
    <display value="眼科门诊部"/>
  </concept>
  <concept>
    <code value="D154"/>
    <display value="医疗美容门诊部"/>
  </concept>
  <concept>
    <code value="D155"/>
    <display value="精神卫生门诊部"/>
  </concept>
  <concept>
    <code value="D159"/>
    <display value="其他专科门诊部"/>
  </concept>
  <concept>
    <code value="D211"/>
    <display value="普通诊所"/>
  </concept>
  <concept>
    <code value="D212"/>
    <display value="中医（综合）诊所"/>
  </concept>
  <concept>
    <code value="D213"/>
    <display value="中西医结合诊所"/>
  </concept>
  <concept>
    <code value="D214"/>
    <display value="民族医诊所"/>
  </concept>
  <concept>
    <code value="D215"/>
    <display value="口腔诊所"/>
  </concept>
  <concept>
    <code value="D216"/>
    <display value="医疗美容诊所"/>
  </concept>
  <concept>
    <code value="D217"/>
    <display value="精神卫生诊所"/>
  </concept>
  <concept>
    <code value="D218"/>
    <display value="中医诊所（备案）"/>
  </concept>
  <concept>
    <code value="D219"/>
    <display value="普通诊所（备案）"/>
  </concept>
  <concept>
    <code value="D220"/>
    <display value="口腔诊所（备案）"/>
  </concept>
  <concept>
    <code value="D221"/>
    <display value="医疗美容诊所（备案）"/>
  </concept>
  <concept>
    <code value="D222"/>
    <display value="中医（综合）诊所（备案）"/>
  </concept>
  <concept>
    <code value="D223"/>
    <display value="中西医结合诊所（备案）"/>
  </concept>
  <concept>
    <code value="D229"/>
    <display value="其他诊所"/>
  </concept>
  <concept>
    <code value="D300"/>
    <display value="卫生所（室、站）"/>
  </concept>
  <concept>
    <code value="D400"/>
    <display value="医务室"/>
  </concept>
  <concept>
    <code value="D500"/>
    <display value="中小学卫生保健所"/>
  </concept>
  <concept>
    <code value="D600"/>
    <display value="村卫生室（所）"/>
  </concept>
  <concept>
    <code value="E100"/>
    <display value="急救中心"/>
  </concept>
  <concept>
    <code value="E200"/>
    <display value="急救中心站"/>
  </concept>
  <concept>
    <code value="E300"/>
    <display value="急救站"/>
  </concept>
  <concept>
    <code value="F110"/>
    <display value="血液中心"/>
  </concept>
  <concept>
    <code value="F120"/>
    <display value="中心血站"/>
  </concept>
  <concept>
    <code value="F130"/>
    <display value="基层血站、中心血库"/>
  </concept>
  <concept>
    <code value="F200"/>
    <display value="单采血浆站"/>
  </concept>
  <concept>
    <code value="G100"/>
    <display value="妇幼保健院"/>
  </concept>
  <concept>
    <code value="G200"/>
    <display value="妇幼保健所"/>
  </concept>
  <concept>
    <code value="G300"/>
    <display value="妇幼保健站"/>
  </concept>
  <concept>
    <code value="G400"/>
    <display value="生殖健康中心"/>
  </concept>
  <concept>
    <code value="G500"/>
    <display value="母婴护理保健中心"/>
  </concept>
  <concept>
    <code value="G600"/>
    <display value="妇幼保健计划生育服务中心"/>
  </concept>
  <concept>
    <code value="H111"/>
    <display value="传染病防治院"/>
  </concept>
  <concept>
    <code value="H112"/>
    <display value="结核病防治院"/>
  </concept>
  <concept>
    <code value="H113"/>
    <display value="职业病防治院"/>
  </concept>
  <concept>
    <code value="H119"/>
    <display value="其他专科疾病防治院"/>
  </concept>
  <concept>
    <code value="H211"/>
    <display value="口腔病防治所（站、中心）"/>
  </concept>
  <concept>
    <code value="H212"/>
    <display value="精神病防治所（站、中心）"/>
  </concept>
  <concept>
    <code value="H213"/>
    <display value="皮肤病防治所（站、中心）"/>
  </concept>
  <concept>
    <code value="H214"/>
    <display value="结核病防治所（站、中心）"/>
  </concept>
  <concept>
    <code value="H215"/>
    <display value="麻风病防治所（站、中心）"/>
  </concept>
  <concept>
    <code value="H216"/>
    <display value="职业病防治所（站、中心）"/>
  </concept>
  <concept>
    <code value="H217"/>
    <display value="寄生虫病防治所（站、中心）"/>
  </concept>
  <concept>
    <code value="H218"/>
    <display value="地方病防治所（站、中心）"/>
  </concept>
  <concept>
    <code value="H219"/>
    <display value="血吸虫病防治所（站、中心）"/>
  </concept>
  <concept>
    <code value="H220"/>
    <display value="药物戒毒所（中心）"/>
  </concept>
  <concept>
    <code value="H229"/>
    <display value="其他专科疾病防治所（站、中心）"/>
  </concept>
  <concept>
    <code value="J100"/>
    <display value="疾病预防控制中心"/>
  </concept>
  <concept>
    <code value="J200"/>
    <display value="卫生防疫站"/>
  </concept>
  <concept>
    <code value="J300"/>
    <display value="卫生防病中心"/>
  </concept>
  <concept>
    <code value="J400"/>
    <display value="预防保健中心"/>
  </concept>
  <concept>
    <code value="K100"/>
    <display value="卫生监督所（局、中心、执法大队）"/>
  </concept>
  <concept>
    <code value="L100"/>
    <display value="卫生（综合）监督检验（监测、检测）所（站）"/>
  </concept>
  <concept>
    <code value="L200"/>
    <display value="环境卫生监督检验（监测、检测）所（站）"/>
  </concept>
  <concept>
    <code value="L300"/>
    <display value="放射卫生监督检验（监测、检测）所（站）"/>
  </concept>
  <concept>
    <code value="L400"/>
    <display value="职业卫生监督检验（监测、检测）所（站）"/>
  </concept>
  <concept>
    <code value="L500"/>
    <display value="食品卫生监督检验（监测、检测）所（站）"/>
  </concept>
  <concept>
    <code value="L600"/>
    <display value="学校卫生监督检验（监测、检测）所（站）"/>
  </concept>
  <concept>
    <code value="L900"/>
    <display value="其他卫生监督检验（监测、检测）所（站）"/>
  </concept>
  <concept>
    <code value="M100"/>
    <display value="医学科学（研究）院（所）"/>
  </concept>
  <concept>
    <code value="M200"/>
    <display value="预防医学研究院（所）"/>
  </concept>
  <concept>
    <code value="M300"/>
    <display value="中医（药）研究院（所）"/>
  </concept>
  <concept>
    <code value="M400"/>
    <display value="中西医结合研究所"/>
  </concept>
  <concept>
    <code value="M500"/>
    <display value="民族医（药）学研究所"/>
  </concept>
  <concept>
    <code value="M611"/>
    <display value="基础医学研究所"/>
  </concept>
  <concept>
    <code value="M612"/>
    <display value="病毒学研究所"/>
  </concept>
  <concept>
    <code value="M613"/>
    <display value="老年医学研究所"/>
  </concept>
  <concept>
    <code value="M614"/>
    <display value="肿瘤（防治）研究所"/>
  </concept>
  <concept>
    <code value="M615"/>
    <display value="心血管病研究所"/>
  </concept>
  <concept>
    <code value="M616"/>
    <display value="血液学研究所"/>
  </concept>
  <concept>
    <code value="M617"/>
    <display value="整形外科研究所"/>
  </concept>
  <concept>
    <code value="M618"/>
    <display value="精神卫生研究所"/>
  </concept>
  <concept>
    <code value="M619"/>
    <display value="放射医学研究所"/>
  </concept>
  <concept>
    <code value="M620"/>
    <display value="医学生物学研究所"/>
  </concept>
  <concept>
    <code value="M621"/>
    <display value="生物医学工程研究所"/>
  </concept>
  <concept>
    <code value="M622"/>
    <display value="实验动物研究所"/>
  </concept>
  <concept>
    <code value="M623"/>
    <display value="结核病防治研究所"/>
  </concept>
  <concept>
    <code value="M624"/>
    <display value="皮肤病与性病防治研究所"/>
  </concept>
  <concept>
    <code value="M625"/>
    <display value="寄生虫病防治研究所"/>
  </concept>
  <concept>
    <code value="M626"/>
    <display value="地方病防治研究所"/>
  </concept>
  <concept>
    <code value="M627"/>
    <display value="血吸虫病防治研究所"/>
  </concept>
  <concept>
    <code value="M628"/>
    <display value="流行病学研究所"/>
  </concept>
  <concept>
    <code value="M629"/>
    <display value="医学微生物学研究所"/>
  </concept>
  <concept>
    <code value="M630"/>
    <display value="环境卫生研究所"/>
  </concept>
  <concept>
    <code value="M631"/>
    <display value="劳动卫生（职业病）研究所"/>
  </concept>
  <concept>
    <code value="M632"/>
    <display value="营养与食品卫生研究所"/>
  </concept>
  <concept>
    <code value="M633"/>
    <display value="儿少卫生研究所"/>
  </concept>
  <concept>
    <code value="M634"/>
    <display value="医学信息研究所"/>
  </concept>
  <concept>
    <code value="M635"/>
    <display value="呼吸病研究所"/>
  </concept>
  <concept>
    <code value="M649"/>
    <display value="其他医学专科研究所"/>
  </concept>
  <concept>
    <code value="M700"/>
    <display value="药学研究所"/>
  </concept>
  <concept>
    <code value="N100"/>
    <display value="医学普通高中等学校"/>
  </concept>
  <concept>
    <code value="N110"/>
    <display value="医学普通高等学校"/>
  </concept>
  <concept>
    <code value="N111"/>
    <display value="医学院"/>
  </concept>
  <concept>
    <code value="N112"/>
    <display value="中医（药）学院"/>
  </concept>
  <concept>
    <code value="N113"/>
    <display value="民族医（药）学院"/>
  </concept>
  <concept>
    <code value="N119"/>
    <display value="其他医学普通高等学校"/>
  </concept>
  <concept>
    <code value="N120"/>
    <display value="医学普通中等专业学校"/>
  </concept>
  <concept>
    <code value="N121"/>
    <display value="卫生学校"/>
  </concept>
  <concept>
    <code value="N122"/>
    <display value="中医（药）学校"/>
  </concept>
  <concept>
    <code value="N123"/>
    <display value="民族医（药）学校"/>
  </concept>
  <concept>
    <code value="N124"/>
    <display value="护士学校"/>
  </concept>
  <concept>
    <code value="N200"/>
    <display value="医学成人学校"/>
  </concept>
  <concept>
    <code value="N210"/>
    <display value="医学成人高等学校"/>
  </concept>
  <concept>
    <code value="N211"/>
    <display value="职工医学院"/>
  </concept>
  <concept>
    <code value="N212"/>
    <display value="卫生管理干都学院"/>
  </concept>
  <concept>
    <code value="N219"/>
    <display value="其他医学成人高等学校"/>
  </concept>
  <concept>
    <code value="N220"/>
    <display value="医学成人中等学校"/>
  </concept>
  <concept>
    <code value="N221"/>
    <display value="卫生职业（工）中等专业学校"/>
  </concept>
  <concept>
    <code value="N222"/>
    <display value="中医（药）职业中等专业学校"/>
  </concept>
  <concept>
    <code value="N223"/>
    <display value="卫生进修学校"/>
  </concept>
  <concept>
    <code value="N229"/>
    <display value="其他医学成人中等学校"/>
  </concept>
  <concept>
    <code value="N300"/>
    <display value="医学在职培训机构"/>
  </concept>
  <concept>
    <code value="N310"/>
    <display value="继续医学教育中心"/>
  </concept>
  <concept>
    <code value="N320"/>
    <display value="卫生人员培训中心"/>
  </concept>
  <concept>
    <code value="N390"/>
    <display value="其他医学在职培训机构"/>
  </concept>
  <concept>
    <code value="O100"/>
    <display value="健康教育所"/>
  </concept>
  <concept>
    <code value="O200"/>
    <display value="健康教育站"/>
  </concept>
  <concept>
    <code value="O300"/>
    <display value="健康教育中心"/>
  </concept>
  <concept>
    <code value="O400"/>
    <display value="人口宣传教育中心"/>
  </concept>
  <concept>
    <code value="P110"/>
    <display value="临床检验中心"/>
  </concept>
  <concept>
    <code value="P120"/>
    <display value="临床检验所（站）"/>
  </concept>
  <concept>
    <code value="P210"/>
    <display value="卫生图书出版社"/>
  </concept>
  <concept>
    <code value="P220"/>
    <display value="卫生报纸出版社"/>
  </concept>
  <concept>
    <code value="P230"/>
    <display value="卫生杂志社"/>
  </concept>
  <concept>
    <code value="P290"/>
    <display value="其他卫生新闻出版社"/>
  </concept>
  <concept>
    <code value="P300"/>
    <display value="健康体检中心"/>
  </concept>
  <concept>
    <code value="P410"/>
    <display value="医学检验实验室"/>
  </concept>
  <concept>
    <code value="P420"/>
    <display value="病理诊断中心"/>
  </concept>
  <concept>
    <code value="P430"/>
    <display value="医学影像诊断中心"/>
  </concept>
  <concept>
    <code value="P440"/>
    <display value="血液透析中心"/>
  </concept>
  <concept>
    <code value="P450"/>
    <display value="医疗消毒供应中心"/>
  </concept>
  <concept>
    <code value="P490"/>
    <display value="其他辅助类诊疗服务机构"/>
  </concept>
  <concept>
    <code value="P911"/>
    <display value="精神病收容所"/>
  </concept>
  <concept>
    <code value="P912"/>
    <display value="麻风村"/>
  </concept>
  <concept>
    <code value="P913"/>
    <display value="卫生消毒站"/>
  </concept>
  <concept>
    <code value="P914"/>
    <display value="乡防保组"/>
  </concept>
  <concept>
    <code value="P915"/>
    <display value="农村改水中心"/>
  </concept>
  <concept>
    <code value="P916"/>
    <display value="计划生育技术服务中心（站、所、办公室）"/>
  </concept>
  <concept>
    <code value="P917"/>
    <display value="机关服务中心"/>
  </concept>
  <concept>
    <code value="P918"/>
    <display value="统计信息中心"/>
  </concept>
  <concept>
    <code value="P919"/>
    <display value="医学考试中心"/>
  </concept>
  <concept>
    <code value="P920"/>
    <display value="卫生人才交流中心"/>
  </concept>
  <concept>
    <code value="P921"/>
    <display value="医学科技交流中心"/>
  </concept>
  <concept>
    <code value="P922"/>
    <display value="医疗管理服务指导中心"/>
  </concept>
  <concept>
    <code value="P923"/>
    <display value="食品安全风险评估中心"/>
  </concept>
  <concept>
    <code value="P924"/>
    <display value="社区卫生服务管理中心"/>
  </concept>
  <concept>
    <code value="P939"/>
    <display value="其他"/>
  </concept>
  <concept>
    <code value="Q100"/>
    <display value="红十字会"/>
  </concept>
  <concept>
    <code value="Q200"/>
    <display value="医学会"/>
  </concept>
  <concept>
    <code value="Q300"/>
    <display value="卫生协会"/>
  </concept>
  <concept>
    <code value="Q311"/>
    <display value="输血协会"/>
  </concept>
  <concept>
    <code value="Q312"/>
    <display value="医师协会"/>
  </concept>
  <concept>
    <code value="Q339"/>
    <display value="其他卫生协会"/>
  </concept>
  <concept>
    <code value="Q900"/>
    <display value="其他卫生社会团体"/>
  </concept>
  <concept>
    <code value="R100"/>
    <display value="托育机构"/>
  </concept>
  <concept>
    <code value="R200"/>
    <display value="幼儿园托班"/>
  </concept>
  <concept>
    <code value="R300"/>
    <display value="家庭托育点"/>
  </concept>
  <concept>
    <code value="R400"/>
    <display value="社区托育（园）点"/>
  </concept>
  <concept>
    <code value="R900"/>
    <display value="其他"/>
  </concept>
  <concept>
    <code value="X0"/>
    <display value="省级卫生厅（局）基层户"/>
  </concept>
  <concept>
    <code value="X1"/>
    <display value="省卫生厅"/>
  </concept>
  <concept>
    <code value="X10"/>
    <display value="地市级卫生局基层户"/>
  </concept>
  <concept>
    <code value="X100"/>
    <display value="县（区、县级市）卫生局基层户"/>
  </concept>
  <concept>
    <code value="X101"/>
    <display value="虚拟卫生局基层户"/>
  </concept>
  <concept>
    <code value="X11"/>
    <display value="地市卫生局"/>
  </concept>
  <concept>
    <code value="X111"/>
    <display value="县区卫生局"/>
  </concept>
  <concept>
    <code value="Z1"/>
    <display value="业务处室"/>
  </concept>
  <concept>
    <code value="Z100"/>
    <display value="业务处室"/>
  </concept>
</CodeSystem>