{
  "codeSystems" : [
    {
      "url" : "http://fhir.cq.hc/CodeSystem/cn-hospitalleve-code-system",
      "version" : "0.1.1",
      "status" : "active",
      "name" : "CNHospitalLevelCS",
      "title" : "中国医院三级评审等级代码",
      "description" : "中国医院三级评审等级代码，整合多系统的表述以自定义代码实现。",
      "uses" : {
      },
      "ValueSet-cn-hospitalleve-vs.html" : "中国医院三级评审等级值集"
    },
    {
      "url" : "http://fhir.cq.hc/CodeSystem/cn-hospitalnanagementtype-code-system",
      "version" : "0.1.1",
      "status" : "active",
      "name" : "CNHospitalManagementTypeCS",
      "title" : "医院管理类型代码",
      "description" : "医院管理类型代码，使用WS 218-2002 卫生机构（组织）分类与代码中附录B，机构分类管理代码表作为标准。",
      "uses" : {
      },
      "ValueSet-cn-hospitalmanagementype-vs.html" : "医院管理类型值集"
    },
    {
      "url" : "http://fhir.cq.hc/CodeSystem/contactortype-code-system",
      "version" : "0.1.1",
      "status" : "active",
      "name" : "ChineseContactorTypeCS",
      "title" : "联系人类型",
      "description" : "中国联系人类型，如负责人等，更符合中文语义习惯",
      "uses" : {
      },
      "ValueSet-cn-contactorType-vs.html" : "中文联系人类型值集"
    },
    {
      "url" : "http://fhir.cq.hc/CodeSystem/cq-administrativedivision-code-system",
      "version" : "0.1.1",
      "status" : "active",
      "name" : "CQAdministrativeDivisionCS",
      "title" : "重庆区级行政区划代码",
      "description" : "重庆区级行政区划代码，来源于统一直报系统字典。",
      "uses" : {
      },
      "ValueSet-cq-administrativedivision-vs.html" : "重庆区级行政区划值集"
    },
    {
      "url" : "http://fhir.cq.hc/CodeSystem/cq-streetdivision-code-system",
      "version" : "0.1.1",
      "status" : "active",
      "name" : "CQStreetDivisionCS",
      "title" : "重庆（乡镇街道级）行政区划代码",
      "description" : "重庆（乡镇街道级）行政区划代码，来源于统一直报系统字典。",
      "uses" : {
      },
      "ValueSet-cq-streetdivision-vs.html" : "重庆（乡镇街道级）行政区划值集"
    },
    {
      "url" : "http://fhir.cq.hc/CodeSystem/healthcareinstitutionstype-code-system",
      "version" : "0.1.1",
      "status" : "active",
      "name" : "HealthcareInstitutionsTypeCS",
      "title" : "卫生机构（组织）分类与代码",
      "description" : "行业标准WS 218-2002 卫生机构（组织）分类与代码,不适用1、2级码，仅使用第三级代码",
      "uses" : {
      },
      "ValueSet-healthcareinstitutionstype-vs.html" : "卫生机构（组织）分类与代码值集"
    },
    {
      "url" : "http://fhir.cq.hc/CodeSystem/identifierType-code-system",
      "version" : "0.1.1",
      "status" : "active",
      "name" : "ChineseIdentifierTypeCS",
      "title" : "标识类型",
      "description" : "中国标识类型，如身份证号，统一社会信用代码等，在FHIR标准的术语中扩充而成。",
      "uses" : {
      },
      "ValueSet-cn-identifierType-vs.html" : "标识类型值集"
    },
    {
      "url" : "http://fhir.cq.hc/CodeSystem/nationaleconomicindustryclassification-code-system",
      "version" : "0.1.1",
      "status" : "active",
      "name" : "NationalEconomicIndustryClassificationCS",
      "title" : "经济类型分类代码",
      "description" : "国家标准 GB/T 12402-2000《经济类型分类与代码》",
      "uses" : {
      },
      "ValueSet-cn-nationaleconomicindustryclassification-vs.html" : "经济类型分类值集"
    },
    {
      "url" : "http://fhir.cq.hc/CodeSystem/operatingstatus-code-system",
      "version" : "0.1.1",
      "status" : "active",
      "name" : "OperatingStatusCS",
      "title" : "机构运营状态代码",
      "description" : "机构运营状态代码，来源于统一直报系统字典。",
      "uses" : {
      },
      "ValueSet-operatingstatus-vs.html" : "机构运营状态值集"
    },
    {
      "url" : "http://fhir.cq.hc/CodeSystem/organizationtype-code-system",
      "version" : "0.1.1",
      "status" : "active",
      "name" : "OrganizationTypeCS",
      "title" : "组织机构类型代码",
      "description" : "国家标准GB/T 20091-2021 组织机构类型",
      "uses" : {
      },
      "ValueSet-organizationtype-vs.html" : "组织机构类型值集"
    },
    {
      "url" : "http://hl7.org/fhir/address-type",
      "version" : "4.0.1",
      "status" : "active",
      "name" : "AddressType",
      "title" : "AddressType",
      "description" : "The type of an address (physical / postal).",
      "oids" : ["2.16.840.1.113883.4.642.4.70"],
      "uses" : {
      },
      "http://hl7.org/fhir/R4/valueset-address-type.html" : "AddressType"
    },
    {
      "url" : "http://hl7.org/fhir/address-use",
      "version" : "4.0.1",
      "status" : "active",
      "name" : "AddressUse",
      "title" : "AddressUse",
      "description" : "The use of an address.",
      "oids" : ["2.16.840.1.113883.4.642.4.68"],
      "uses" : {
      },
      "http://hl7.org/fhir/R4/valueset-address-use.html" : "AddressUse"
    },
    {
      "url" : "http://hl7.org/fhir/contact-point-system",
      "version" : "4.0.1",
      "status" : "active",
      "name" : "ContactPointSystem",
      "title" : "ContactPointSystem",
      "description" : "Telecommunications form for contact point.",
      "oids" : ["2.16.840.1.113883.4.642.4.72"],
      "uses" : {
      },
      "http://hl7.org/fhir/R4/valueset-contact-point-system.html" : "ContactPointSystem"
    },
    {
      "url" : "http://hl7.org/fhir/contact-point-use",
      "version" : "4.0.1",
      "status" : "active",
      "name" : "ContactPointUse",
      "title" : "ContactPointUse",
      "description" : "Use of contact point.",
      "oids" : ["2.16.840.1.113883.4.642.4.74"],
      "uses" : {
      },
      "http://hl7.org/fhir/R4/valueset-contact-point-use.html" : "ContactPointUse"
    },
    {
      "url" : "http://hl7.org/fhir/identifier-use",
      "version" : "4.0.1",
      "status" : "active",
      "name" : "IdentifierUse",
      "title" : "IdentifierUse",
      "description" : "Identifies the purpose for this identifier, if known .",
      "oids" : ["2.16.840.1.113883.4.642.4.58"],
      "uses" : {
      },
      "http://hl7.org/fhir/R4/valueset-identifier-use.html" : "IdentifierUse"
    },
    {
      "url" : "http://terminology.hl7.org/CodeSystem/common-tags",
      "version" : "1.0.1",
      "status" : "active",
      "name" : "CommonTags",
      "title" : "Common Tags",
      "description" : "Common Tag Codes defined by FHIR project",
      "oids" : ["2.16.840.1.113883.4.642.1.1067"],
      "uses" : {
      },
      "http://hl7.org/fhir/R4/valueset-common-tags.html" : "Common Tags"
    },
    {
      "url" : "http://terminology.hl7.org/CodeSystem/contactentity-type",
      "version" : "1.0.0",
      "status" : "draft",
      "name" : "ContactEntityType",
      "title" : "Contact entity type",
      "description" : "This example value set defines a set of codes that can be used to indicate the purpose for which you would contact a contact party.",
      "oids" : ["2.16.840.1.113883.4.642.1.1129"],
      "uses" : {
      },
      "http://hl7.org/fhir/R4/valueset-contactentity-type.html" : "Contact entity type"
    },
    {
      "url" : "http://terminology.hl7.org/CodeSystem/v2-0203",
      "version" : "4.0.0",
      "status" : "active",
      "name" : "IdentifierType",
      "title" : "identifierType",
      "description" : "HL7-defined code system of concepts specifying type of identifier. Used in HL7 Version 2.x messaging data types CX, PLN, PPN, XCN and XON.",
      "oids" : ["2.16.840.1.113883.18.108"],
      "uses" : {
      },
      "http://hl7.org/fhir/R4/valueset-identifier-type.html" : "IdentifierType"
    },
    {
      "url" : "urn:ietf:bcp:47",
      "version" : "2.0.1",
      "status" : "active",
      "name" : "Ietf3066",
      "title" : "Tags for the Identification of Languages",
      "description" : "Older value from OID registry.  Superceded; see recommendations in BCP-47.",
      "oids" : ["2.16.840.1.113883.6.121"],
      "uses" : {
      },
      "http://hl7.org/fhir/R4/valueset-languages.html" : "Common Languages"
    }
  ]
}
