<?xml version="1.0" encoding="UTF-8"?>

<CodeSystem xmlns="http://hl7.org/fhir">
  <id value="cn-hospitalnanagementtype-code-system"/>
  <text>
    <status value="generated"/><div xmlns="http://www.w3.org/1999/xhtml"><p class="res-header-id"><b>Generated Narrative: CodeSystem cn-hospitalnanagementtype-code-system</b></p><a name="cn-hospitalnanagementtype-code-system"> </a><a name="hccn-hospitalnanagementtype-code-system"> </a><a name="cn-hospitalnanagementtype-code-system-und"> </a><p>This case-sensitive code system <code>http://fhir.cq.hc/CodeSystem/cn-hospitalnanagementtype-code-system</code> defines the following codes:</p><table class="codes"><tr><td style="white-space:nowrap"><b>Code</b></td><td><b>Display</b></td></tr><tr><td style="white-space:nowrap">1<a name="cn-hospitalnanagementtype-code-system-1"> </a></td><td>非营利性医疗机构</td></tr><tr><td style="white-space:nowrap">2<a name="cn-hospitalnanagementtype-code-system-2"> </a></td><td>营利性医疗机构</td></tr><tr><td style="white-space:nowrap">9<a name="cn-hospitalnanagementtype-code-system-9"> </a></td><td>其他卫生机构</td></tr></table></div>
  </text>
  <url value="http://fhir.cq.hc/CodeSystem/cn-hospitalnanagementtype-code-system"/>
  <version value="0.1.0"/>
  <name value="CNHospitalManagementTypeCS"/>
  <title value="医院管理类型代码"/>
  <status value="active"/>
  <experimental value="false"/>
  <date value="2024-12-12T17:06:37+08:00"/>
  <publisher value="重庆市卫生健康统计信息中心"/>
  <contact>
    <name value="重庆市卫生健康统计信息中心"/>
    <telecom>
      <system value="url"/>
      <value value="http://www.cqshic.com"/>
    </telecom>
  </contact>
  <description value="医院管理类型代码，使用WS 218-2002 卫生机构（组织）分类与代码中附录B，机构分类管理代码表作为标准。"/>
  <caseSensitive value="true"/>
  <content value="complete"/>
  <count value="3"/>
  <concept>
    <code value="1"/>
    <display value="非营利性医疗机构"/>
  </concept>
  <concept>
    <code value="2"/>
    <display value="营利性医疗机构"/>
  </concept>
  <concept>
    <code value="9"/>
    <display value="其他卫生机构"/>
  </concept>
</CodeSystem>