{
  "resourceType" : "CodeSystem",
  "id" : "nationaleconomicindustryclassification-code-system",
  "text" : {
    "status" : "generated",
    "div" : "<div xmlns=\"http://www.w3.org/1999/xhtml\"><p class=\"res-header-id\"><b>Generated Narrative: CodeSystem nationaleconomicindustryclassification-code-system</b></p><a name=\"nationaleconomicindustryclassification-code-system\"> </a><a name=\"hcnationaleconomicindustryclassification-code-system\"> </a><a name=\"nationaleconomicindustryclassification-code-system-und\"> </a><p>This case-sensitive code system <code>http://fhir.cq.hc/CodeSystem/nationaleconomicindustryclassification-code-system</code> defines the following codes:</p><table class=\"codes\"><tr><td style=\"white-space:nowrap\"><b>Code</b></td><td><b>Display</b></td></tr><tr><td style=\"white-space:nowrap\">100<a name=\"nationaleconomicindustryclassification-code-system-100\"> </a></td><td>内资</td></tr><tr><td style=\"white-space:nowrap\">110<a name=\"nationaleconomicindustryclassification-code-system-110\"> </a></td><td>国有全资</td></tr><tr><td style=\"white-space:nowrap\">120<a name=\"nationaleconomicindustryclassification-code-system-120\"> </a></td><td>集体全资</td></tr><tr><td style=\"white-space:nowrap\">130<a name=\"nationaleconomicindustryclassification-code-system-130\"> </a></td><td>股份合作</td></tr><tr><td style=\"white-space:nowrap\">140<a name=\"nationaleconomicindustryclassification-code-system-140\"> </a></td><td>联营</td></tr><tr><td style=\"white-space:nowrap\">141<a name=\"nationaleconomicindustryclassification-code-system-141\"> </a></td><td>国有联营</td></tr><tr><td style=\"white-space:nowrap\">142<a name=\"nationaleconomicindustryclassification-code-system-142\"> </a></td><td>集体联营</td></tr><tr><td style=\"white-space:nowrap\">143<a name=\"nationaleconomicindustryclassification-code-system-143\"> </a></td><td>国有与集体联营</td></tr><tr><td style=\"white-space:nowrap\">149<a name=\"nationaleconomicindustryclassification-code-system-149\"> </a></td><td>其他联营</td></tr><tr><td style=\"white-space:nowrap\">150<a name=\"nationaleconomicindustryclassification-code-system-150\"> </a></td><td>有限责任(公司)</td></tr><tr><td style=\"white-space:nowrap\">159<a name=\"nationaleconomicindustryclassification-code-system-159\"> </a></td><td>其他有限责任(公司)</td></tr><tr><td style=\"white-space:nowrap\">160<a name=\"nationaleconomicindustryclassification-code-system-160\"> </a></td><td>股份有限(公司)</td></tr><tr><td style=\"white-space:nowrap\">170<a name=\"nationaleconomicindustryclassification-code-system-170\"> </a></td><td>私有</td></tr><tr><td style=\"white-space:nowrap\">171<a name=\"nationaleconomicindustryclassification-code-system-171\"> </a></td><td>私有独资</td></tr><tr><td style=\"white-space:nowrap\">172<a name=\"nationaleconomicindustryclassification-code-system-172\"> </a></td><td>私有合伙</td></tr><tr><td style=\"white-space:nowrap\">173<a name=\"nationaleconomicindustryclassification-code-system-173\"> </a></td><td>私营有限责任(公司)</td></tr><tr><td style=\"white-space:nowrap\">174<a name=\"nationaleconomicindustryclassification-code-system-174\"> </a></td><td>私营股份有限(公司)</td></tr><tr><td style=\"white-space:nowrap\">175<a name=\"nationaleconomicindustryclassification-code-system-175\"> </a></td><td>个体经营</td></tr><tr><td style=\"white-space:nowrap\">179<a name=\"nationaleconomicindustryclassification-code-system-179\"> </a></td><td>其他私有</td></tr><tr><td style=\"white-space:nowrap\">190<a name=\"nationaleconomicindustryclassification-code-system-190\"> </a></td><td>其他内资</td></tr><tr><td style=\"white-space:nowrap\">200<a name=\"nationaleconomicindustryclassification-code-system-200\"> </a></td><td>港、澳、台投资</td></tr><tr><td style=\"white-space:nowrap\">210<a name=\"nationaleconomicindustryclassification-code-system-210\"> </a></td><td>内地和港、澳或台合资</td></tr><tr><td style=\"white-space:nowrap\">220<a name=\"nationaleconomicindustryclassification-code-system-220\"> </a></td><td>内地和港、澳或台合作</td></tr><tr><td style=\"white-space:nowrap\">230<a name=\"nationaleconomicindustryclassification-code-system-230\"> </a></td><td>港、澳或台独资</td></tr><tr><td style=\"white-space:nowrap\">240<a name=\"nationaleconomicindustryclassification-code-system-240\"> </a></td><td>港、澳或台投资股份有限(公司)</td></tr><tr><td style=\"white-space:nowrap\">290<a name=\"nationaleconomicindustryclassification-code-system-290\"> </a></td><td>其他港澳台投资</td></tr><tr><td style=\"white-space:nowrap\">300<a name=\"nationaleconomicindustryclassification-code-system-300\"> </a></td><td>国外投资</td></tr><tr><td style=\"white-space:nowrap\">310<a name=\"nationaleconomicindustryclassification-code-system-310\"> </a></td><td>中外合资</td></tr><tr><td style=\"white-space:nowrap\">320<a name=\"nationaleconomicindustryclassification-code-system-320\"> </a></td><td>中外合作</td></tr><tr><td style=\"white-space:nowrap\">330<a name=\"nationaleconomicindustryclassification-code-system-330\"> </a></td><td>外资</td></tr><tr><td style=\"white-space:nowrap\">340<a name=\"nationaleconomicindustryclassification-code-system-340\"> </a></td><td>国外投资股份有限(公司)</td></tr><tr><td style=\"white-space:nowrap\">390<a name=\"nationaleconomicindustryclassification-code-system-390\"> </a></td><td>其他国外投资</td></tr><tr><td style=\"white-space:nowrap\">900<a name=\"nationaleconomicindustryclassification-code-system-900\"> </a></td><td>其他</td></tr></table></div>"
  },
  "url" : "http://fhir.cq.hc/CodeSystem/nationaleconomicindustryclassification-code-system",
  "version" : "0.1.1",
  "name" : "NationalEconomicIndustryClassificationCS",
  "title" : "经济类型分类代码",
  "status" : "active",
  "experimental" : false,
  "date" : "2024-12-26T20:46:24+08:00",
  "publisher" : "重庆市卫生健康统计信息中心",
  "contact" : [{
    "name" : "重庆市卫生健康统计信息中心",
    "telecom" : [{
      "system" : "url",
      "value" : "http://www.cqshic.com"
    }]
  }],
  "description" : "国家标准 GB/T 12402-2000《经济类型分类与代码》",
  "caseSensitive" : true,
  "content" : "complete",
  "count" : 33,
  "concept" : [{
    "code" : "100",
    "display" : "内资"
  },
  {
    "code" : "110",
    "display" : "国有全资"
  },
  {
    "code" : "120",
    "display" : "集体全资"
  },
  {
    "code" : "130",
    "display" : "股份合作"
  },
  {
    "code" : "140",
    "display" : "联营"
  },
  {
    "code" : "141",
    "display" : "国有联营"
  },
  {
    "code" : "142",
    "display" : "集体联营"
  },
  {
    "code" : "143",
    "display" : "国有与集体联营"
  },
  {
    "code" : "149",
    "display" : "其他联营"
  },
  {
    "code" : "150",
    "display" : "有限责任(公司)"
  },
  {
    "code" : "159",
    "display" : "其他有限责任(公司)"
  },
  {
    "code" : "160",
    "display" : "股份有限(公司)"
  },
  {
    "code" : "170",
    "display" : "私有"
  },
  {
    "code" : "171",
    "display" : "私有独资"
  },
  {
    "code" : "172",
    "display" : "私有合伙"
  },
  {
    "code" : "173",
    "display" : "私营有限责任(公司)"
  },
  {
    "code" : "174",
    "display" : "私营股份有限(公司)"
  },
  {
    "code" : "175",
    "display" : "个体经营"
  },
  {
    "code" : "179",
    "display" : "其他私有"
  },
  {
    "code" : "190",
    "display" : "其他内资"
  },
  {
    "code" : "200",
    "display" : "港、澳、台投资"
  },
  {
    "code" : "210",
    "display" : "内地和港、澳或台合资"
  },
  {
    "code" : "220",
    "display" : "内地和港、澳或台合作"
  },
  {
    "code" : "230",
    "display" : "港、澳或台独资"
  },
  {
    "code" : "240",
    "display" : "港、澳或台投资股份有限(公司)"
  },
  {
    "code" : "290",
    "display" : "其他港澳台投资"
  },
  {
    "code" : "300",
    "display" : "国外投资"
  },
  {
    "code" : "310",
    "display" : "中外合资"
  },
  {
    "code" : "320",
    "display" : "中外合作"
  },
  {
    "code" : "330",
    "display" : "外资"
  },
  {
    "code" : "340",
    "display" : "国外投资股份有限(公司)"
  },
  {
    "code" : "390",
    "display" : "其他国外投资"
  },
  {
    "code" : "900",
    "display" : "其他"
  }]
}