<?xml version="1.0" encoding="UTF-8"?>

<CodeSystem xmlns="http://hl7.org/fhir">
  <id value="customedhealthcareinstitutionstype-code-system"/>
  <text>
    <status value="generated"/><div xmlns="http://www.w3.org/1999/xhtml"><p class="res-header-id"><b>Generated Narrative: CodeSystem customedhealthcareinstitutionstype-code-system</b></p><a name="customedhealthcareinstitutionstype-code-system"> </a><a name="hccustomedhealthcareinstitutionstype-code-system"> </a><a name="customedhealthcareinstitutionstype-code-system-und"> </a><p>This case-sensitive code system <code>http://fhir.cq.hc/CodeSystem/customedhealthcareinstitutionstype-code-system</code> defines the following codes:</p><table class="codes"><tr><td style="white-space:nowrap"><b>Code</b></td><td><b>Display</b></td></tr><tr><td style="white-space:nowrap">A610<a name="customedhealthcareinstitutionstype-code-system-A610"> </a></td><td>疗养院</td></tr><tr><td style="white-space:nowrap">A620<a name="customedhealthcareinstitutionstype-code-system-A620"> </a></td><td>康复医疗中心</td></tr><tr><td style="white-space:nowrap">A630<a name="customedhealthcareinstitutionstype-code-system-A630"> </a></td><td>安宁疗护中心</td></tr><tr><td style="white-space:nowrap">A730<a name="customedhealthcareinstitutionstype-code-system-A730"> </a></td><td>护理中心</td></tr><tr><td style="white-space:nowrap">A810<a name="customedhealthcareinstitutionstype-code-system-A810"> </a></td><td>部队医院</td></tr><tr><td style="white-space:nowrap">A900<a name="customedhealthcareinstitutionstype-code-system-A900"> </a></td><td>无实体机构依托的互联网医院</td></tr><tr><td style="white-space:nowrap">D218<a name="customedhealthcareinstitutionstype-code-system-D218"> </a></td><td>中医诊所（备案）</td></tr><tr><td style="white-space:nowrap">D219<a name="customedhealthcareinstitutionstype-code-system-D219"> </a></td><td>普通诊所（备案）</td></tr><tr><td style="white-space:nowrap">D220<a name="customedhealthcareinstitutionstype-code-system-D220"> </a></td><td>口腔诊所（备案）</td></tr><tr><td style="white-space:nowrap">D221<a name="customedhealthcareinstitutionstype-code-system-D221"> </a></td><td>医疗美容诊所（备案）</td></tr><tr><td style="white-space:nowrap">D222<a name="customedhealthcareinstitutionstype-code-system-D222"> </a></td><td>中医（综合）诊所（备案）</td></tr><tr><td style="white-space:nowrap">D223<a name="customedhealthcareinstitutionstype-code-system-D223"> </a></td><td>中西医结合诊所（备案）</td></tr><tr><td style="white-space:nowrap">G500<a name="customedhealthcareinstitutionstype-code-system-G500"> </a></td><td>母婴护理保健中心</td></tr><tr><td style="white-space:nowrap">G600<a name="customedhealthcareinstitutionstype-code-system-G600"> </a></td><td>妇幼保健计划生育服务中心</td></tr><tr><td style="white-space:nowrap">M635<a name="customedhealthcareinstitutionstype-code-system-M635"> </a></td><td>呼吸病研究所</td></tr><tr><td style="white-space:nowrap">N100<a name="customedhealthcareinstitutionstype-code-system-N100"> </a></td><td>医学普通高中等学校</td></tr><tr><td style="white-space:nowrap">N200<a name="customedhealthcareinstitutionstype-code-system-N200"> </a></td><td>医学成人学校</td></tr><tr><td style="white-space:nowrap">N310<a name="customedhealthcareinstitutionstype-code-system-N310"> </a></td><td>继续医学教育中心</td></tr><tr><td style="white-space:nowrap">N320<a name="customedhealthcareinstitutionstype-code-system-N320"> </a></td><td>卫生人员培训中心</td></tr><tr><td style="white-space:nowrap">N390<a name="customedhealthcareinstitutionstype-code-system-N390"> </a></td><td>其他医学在职培训机构</td></tr><tr><td style="white-space:nowrap">O300<a name="customedhealthcareinstitutionstype-code-system-O300"> </a></td><td>健康教育中心</td></tr><tr><td style="white-space:nowrap">O400<a name="customedhealthcareinstitutionstype-code-system-O400"> </a></td><td>人口宣传教育中心</td></tr><tr><td style="white-space:nowrap">P300<a name="customedhealthcareinstitutionstype-code-system-P300"> </a></td><td>健康体检中心</td></tr><tr><td style="white-space:nowrap">P410<a name="customedhealthcareinstitutionstype-code-system-P410"> </a></td><td>医学检验实验室</td></tr><tr><td style="white-space:nowrap">P420<a name="customedhealthcareinstitutionstype-code-system-P420"> </a></td><td>病理诊断中心</td></tr><tr><td style="white-space:nowrap">P430<a name="customedhealthcareinstitutionstype-code-system-P430"> </a></td><td>医学影像诊断中心</td></tr><tr><td style="white-space:nowrap">P440<a name="customedhealthcareinstitutionstype-code-system-P440"> </a></td><td>血液透析中心</td></tr><tr><td style="white-space:nowrap">P450<a name="customedhealthcareinstitutionstype-code-system-P450"> </a></td><td>医疗消毒供应中心</td></tr><tr><td style="white-space:nowrap">P490<a name="customedhealthcareinstitutionstype-code-system-P490"> </a></td><td>其他辅助类诊疗服务机构</td></tr><tr><td style="white-space:nowrap">P920<a name="customedhealthcareinstitutionstype-code-system-P920"> </a></td><td>卫生人才交流中心</td></tr><tr><td style="white-space:nowrap">P922<a name="customedhealthcareinstitutionstype-code-system-P922"> </a></td><td>医疗管理服务指导中心</td></tr><tr><td style="white-space:nowrap">P923<a name="customedhealthcareinstitutionstype-code-system-P923"> </a></td><td>食品安全风险评估中心</td></tr><tr><td style="white-space:nowrap">P924<a name="customedhealthcareinstitutionstype-code-system-P924"> </a></td><td>社区卫生服务管理中心</td></tr><tr><td style="white-space:nowrap">R100<a name="customedhealthcareinstitutionstype-code-system-R100"> </a></td><td>托育机构</td></tr><tr><td style="white-space:nowrap">R200<a name="customedhealthcareinstitutionstype-code-system-R200"> </a></td><td>幼儿园托班</td></tr><tr><td style="white-space:nowrap">R300<a name="customedhealthcareinstitutionstype-code-system-R300"> </a></td><td>家庭托育点</td></tr><tr><td style="white-space:nowrap">R400<a name="customedhealthcareinstitutionstype-code-system-R400"> </a></td><td>社区托育（园）点</td></tr><tr><td style="white-space:nowrap">R900<a name="customedhealthcareinstitutionstype-code-system-R900"> </a></td><td>其他</td></tr><tr><td style="white-space:nowrap">X100<a name="customedhealthcareinstitutionstype-code-system-X100"> </a></td><td>县（区、县级市）卫生局基层户</td></tr><tr><td style="white-space:nowrap">X101<a name="customedhealthcareinstitutionstype-code-system-X101"> </a></td><td>虚拟卫生局基层户</td></tr><tr><td style="white-space:nowrap">X111<a name="customedhealthcareinstitutionstype-code-system-X111"> </a></td><td>县区卫生局</td></tr><tr><td style="white-space:nowrap">Z100<a name="customedhealthcareinstitutionstype-code-system-Z100"> </a></td><td>业务处室</td></tr></table></div>
  </text>
  <url value="http://fhir.cq.hc/CodeSystem/customedhealthcareinstitutionstype-code-system"/>
  <version value="0.1.1"/>
  <name value="CustomedHealthcareInstitutionsTypeCS"/>
  <title value="自定义卫生机构（组织）分类与代码"/>
  <status value="active"/>
  <experimental value="false"/>
  <date value="2024-12-26T20:46:24+08:00"/>
  <publisher value="重庆市卫生健康统计信息中心"/>
  <contact>
    <name value="重庆市卫生健康统计信息中心"/>
    <telecom>
      <system value="url"/>
      <value value="http://www.cqshic.com"/>
    </telecom>
  </contact>
  <description value="WS 218-2002 卫生机构（组织）分类与代码中未包括，由统一报送系统扩展的卫生机构（组织）分类与代码。"/>
  <caseSensitive value="true"/>
  <content value="complete"/>
  <count value="42"/>
  <concept>
    <code value="A610"/>
    <display value="疗养院"/>
  </concept>
  <concept>
    <code value="A620"/>
    <display value="康复医疗中心"/>
  </concept>
  <concept>
    <code value="A630"/>
    <display value="安宁疗护中心"/>
  </concept>
  <concept>
    <code value="A730"/>
    <display value="护理中心"/>
  </concept>
  <concept>
    <code value="A810"/>
    <display value="部队医院"/>
  </concept>
  <concept>
    <code value="A900"/>
    <display value="无实体机构依托的互联网医院"/>
  </concept>
  <concept>
    <code value="D218"/>
    <display value="中医诊所（备案）"/>
  </concept>
  <concept>
    <code value="D219"/>
    <display value="普通诊所（备案）"/>
  </concept>
  <concept>
    <code value="D220"/>
    <display value="口腔诊所（备案）"/>
  </concept>
  <concept>
    <code value="D221"/>
    <display value="医疗美容诊所（备案）"/>
  </concept>
  <concept>
    <code value="D222"/>
    <display value="中医（综合）诊所（备案）"/>
  </concept>
  <concept>
    <code value="D223"/>
    <display value="中西医结合诊所（备案）"/>
  </concept>
  <concept>
    <code value="G500"/>
    <display value="母婴护理保健中心"/>
  </concept>
  <concept>
    <code value="G600"/>
    <display value="妇幼保健计划生育服务中心"/>
  </concept>
  <concept>
    <code value="M635"/>
    <display value="呼吸病研究所"/>
  </concept>
  <concept>
    <code value="N100"/>
    <display value="医学普通高中等学校"/>
  </concept>
  <concept>
    <code value="N200"/>
    <display value="医学成人学校"/>
  </concept>
  <concept>
    <code value="N310"/>
    <display value="继续医学教育中心"/>
  </concept>
  <concept>
    <code value="N320"/>
    <display value="卫生人员培训中心"/>
  </concept>
  <concept>
    <code value="N390"/>
    <display value="其他医学在职培训机构"/>
  </concept>
  <concept>
    <code value="O300"/>
    <display value="健康教育中心"/>
  </concept>
  <concept>
    <code value="O400"/>
    <display value="人口宣传教育中心"/>
  </concept>
  <concept>
    <code value="P300"/>
    <display value="健康体检中心"/>
  </concept>
  <concept>
    <code value="P410"/>
    <display value="医学检验实验室"/>
  </concept>
  <concept>
    <code value="P420"/>
    <display value="病理诊断中心"/>
  </concept>
  <concept>
    <code value="P430"/>
    <display value="医学影像诊断中心"/>
  </concept>
  <concept>
    <code value="P440"/>
    <display value="血液透析中心"/>
  </concept>
  <concept>
    <code value="P450"/>
    <display value="医疗消毒供应中心"/>
  </concept>
  <concept>
    <code value="P490"/>
    <display value="其他辅助类诊疗服务机构"/>
  </concept>
  <concept>
    <code value="P920"/>
    <display value="卫生人才交流中心"/>
  </concept>
  <concept>
    <code value="P922"/>
    <display value="医疗管理服务指导中心"/>
  </concept>
  <concept>
    <code value="P923"/>
    <display value="食品安全风险评估中心"/>
  </concept>
  <concept>
    <code value="P924"/>
    <display value="社区卫生服务管理中心"/>
  </concept>
  <concept>
    <code value="R100"/>
    <display value="托育机构"/>
  </concept>
  <concept>
    <code value="R200"/>
    <display value="幼儿园托班"/>
  </concept>
  <concept>
    <code value="R300"/>
    <display value="家庭托育点"/>
  </concept>
  <concept>
    <code value="R400"/>
    <display value="社区托育（园）点"/>
  </concept>
  <concept>
    <code value="R900"/>
    <display value="其他"/>
  </concept>
  <concept>
    <code value="X100"/>
    <display value="县（区、县级市）卫生局基层户"/>
  </concept>
  <concept>
    <code value="X101"/>
    <display value="虚拟卫生局基层户"/>
  </concept>
  <concept>
    <code value="X111"/>
    <display value="县区卫生局"/>
  </concept>
  <concept>
    <code value="Z100"/>
    <display value="业务处室"/>
  </concept>
</CodeSystem>