{
  "resourceType" : "CodeSystem",
  "id" : "identifierType-code-system",
  "text" : {
    "status" : "generated",
    "div" : "<div xmlns=\"http://www.w3.org/1999/xhtml\"><p class=\"res-header-id\"><b>Generated Narrative: CodeSystem identifierType-code-system</b></p><a name=\"identifierType-code-system\"> </a><a name=\"hcidentifierType-code-system\"> </a><a name=\"identifierType-code-system-und\"> </a><p>This case-sensitive code system <code>http://fhir.cq.hc/CodeSystem/identifierType-code-system</code> defines the following codes:</p><table class=\"codes\"><tr><td style=\"white-space:nowrap\"><b>Code</b></td><td><b>Display</b></td></tr><tr><td style=\"white-space:nowrap\">CIN<a name=\"identifierType-code-system-CIN\"> </a></td><td>公民身份号码</td></tr><tr><td style=\"white-space:nowrap\">MIPLRN<a name=\"identifierType-code-system-MIPLRN\"> </a></td><td>医疗机构执业许可证登记号</td></tr><tr><td style=\"white-space:nowrap\">MOI<a name=\"identifierType-code-system-MOI\"> </a></td><td>机构主索引号码</td></tr><tr><td style=\"white-space:nowrap\">USCC<a name=\"identifierType-code-system-USCC\"> </a></td><td>统一社会信用代码</td></tr><tr><td style=\"white-space:nowrap\">HCOC<a name=\"identifierType-code-system-HCOC\"> </a></td><td>卫生机构（组织）代码</td></tr></table></div>"
  },
  "url" : "http://fhir.cq.hc/CodeSystem/identifierType-code-system",
  "version" : "0.1.0",
  "name" : "ChineseIdentifierTypeCS",
  "title" : "标识类型",
  "status" : "active",
  "experimental" : false,
  "date" : "2024-12-26T11:32:52+08:00",
  "publisher" : "重庆市卫生健康统计信息中心",
  "contact" : [{
    "name" : "重庆市卫生健康统计信息中心",
    "telecom" : [{
      "system" : "url",
      "value" : "http://www.cqshic.com"
    }]
  }],
  "description" : "中国标识类型，如身份证号，统一社会信用代码等，在FHIR标准的术语中扩充而成。",
  "caseSensitive" : true,
  "content" : "complete",
  "count" : 5,
  "concept" : [{
    "code" : "CIN",
    "display" : "公民身份号码"
  },
  {
    "code" : "MIPLRN",
    "display" : "医疗机构执业许可证登记号"
  },
  {
    "code" : "MOI",
    "display" : "机构主索引号码"
  },
  {
    "code" : "USCC",
    "display" : "统一社会信用代码"
  },
  {
    "code" : "HCOC",
    "display" : "卫生机构（组织）代码"
  }]
}