{
  "resourceType" : "CodeSystem",
  "id" : "cn-hospitalleve-code-system",
  "text" : {
    "status" : "generated",
    "div" : "<div xmlns=\"http://www.w3.org/1999/xhtml\"><p class=\"res-header-id\"><b>Generated Narrative: CodeSystem cn-hospitalleve-code-system</b></p><a name=\"cn-hospitalleve-code-system\"> </a><a name=\"hccn-hospitalleve-code-system\"> </a><a name=\"cn-hospitalleve-code-system-und\"> </a><p>This case-sensitive code system <code>http://fhir.cq.hc/CodeSystem/cn-hospitalleve-code-system</code> defines the following codes:</p><table class=\"codes\"><tr><td style=\"white-space:nowrap\"><b>Code</b></td><td><b>Display</b></td></tr><tr><td style=\"white-space:nowrap\">1<a name=\"cn-hospitalleve-code-system-1\"> </a></td><td>三级特等</td></tr><tr><td style=\"white-space:nowrap\">2<a name=\"cn-hospitalleve-code-system-2\"> </a></td><td>三级甲等</td></tr><tr><td style=\"white-space:nowrap\">3<a name=\"cn-hospitalleve-code-system-3\"> </a></td><td>三级乙等</td></tr><tr><td style=\"white-space:nowrap\">4<a name=\"cn-hospitalleve-code-system-4\"> </a></td><td>三级丙等</td></tr><tr><td style=\"white-space:nowrap\">5<a name=\"cn-hospitalleve-code-system-5\"> </a></td><td>二级甲等</td></tr><tr><td style=\"white-space:nowrap\">6<a name=\"cn-hospitalleve-code-system-6\"> </a></td><td>二级乙等</td></tr><tr><td style=\"white-space:nowrap\">7<a name=\"cn-hospitalleve-code-system-7\"> </a></td><td>二级丙等</td></tr><tr><td style=\"white-space:nowrap\">8<a name=\"cn-hospitalleve-code-system-8\"> </a></td><td>一级甲等</td></tr><tr><td style=\"white-space:nowrap\">9<a name=\"cn-hospitalleve-code-system-9\"> </a></td><td>一级乙等</td></tr><tr><td style=\"white-space:nowrap\">10<a name=\"cn-hospitalleve-code-system-10\"> </a></td><td>一级丙等</td></tr><tr><td style=\"white-space:nowrap\">11<a name=\"cn-hospitalleve-code-system-11\"> </a></td><td>一级未定等</td></tr><tr><td style=\"white-space:nowrap\">12<a name=\"cn-hospitalleve-code-system-12\"> </a></td><td>二级未定等</td></tr><tr><td style=\"white-space:nowrap\">13<a name=\"cn-hospitalleve-code-system-13\"> </a></td><td>三级未定等</td></tr><tr><td style=\"white-space:nowrap\">14<a name=\"cn-hospitalleve-code-system-14\"> </a></td><td>未定级</td></tr></table></div>"
  },
  "url" : "http://fhir.cq.hc/CodeSystem/cn-hospitalleve-code-system",
  "version" : "0.1.0",
  "name" : "CNHospitalLevelCS",
  "title" : "中国医院三级评审等级代码",
  "status" : "active",
  "experimental" : false,
  "date" : "2024-12-12T17:06:37+08:00",
  "publisher" : "重庆市卫生健康统计信息中心",
  "contact" : [{
    "name" : "重庆市卫生健康统计信息中心",
    "telecom" : [{
      "system" : "url",
      "value" : "http://www.cqshic.com"
    }]
  }],
  "description" : "中国医院三级评审等级代码，整合多系统的表述以自定义代码实现。",
  "caseSensitive" : true,
  "content" : "complete",
  "count" : 14,
  "concept" : [{
    "code" : "1",
    "display" : "三级特等"
  },
  {
    "code" : "2",
    "display" : "三级甲等"
  },
  {
    "code" : "3",
    "display" : "三级乙等"
  },
  {
    "code" : "4",
    "display" : "三级丙等"
  },
  {
    "code" : "5",
    "display" : "二级甲等"
  },
  {
    "code" : "6",
    "display" : "二级乙等"
  },
  {
    "code" : "7",
    "display" : "二级丙等"
  },
  {
    "code" : "8",
    "display" : "一级甲等"
  },
  {
    "code" : "9",
    "display" : "一级乙等"
  },
  {
    "code" : "10",
    "display" : "一级丙等"
  },
  {
    "code" : "11",
    "display" : "一级未定等"
  },
  {
    "code" : "12",
    "display" : "二级未定等"
  },
  {
    "code" : "13",
    "display" : "三级未定等"
  },
  {
    "code" : "14",
    "display" : "未定级"
  }]
}