{
  "resourceType" : "CodeSystem",
  "id" : "customedhealthcareinstitutionstype-code-system",
  "text" : {
    "status" : "generated",
    "div" : "<div xmlns=\"http://www.w3.org/1999/xhtml\"><p class=\"res-header-id\"><b>Generated Narrative: CodeSystem customedhealthcareinstitutionstype-code-system</b></p><a name=\"customedhealthcareinstitutionstype-code-system\"> </a><a name=\"hccustomedhealthcareinstitutionstype-code-system\"> </a><a name=\"customedhealthcareinstitutionstype-code-system-und\"> </a><p>This case-sensitive code system <code>http://fhir.cq.hc/CodeSystem/customedhealthcareinstitutionstype-code-system</code> defines the following codes:</p><table class=\"codes\"><tr><td style=\"white-space:nowrap\"><b>Code</b></td><td><b>Display</b></td></tr><tr><td style=\"white-space:nowrap\">A610<a name=\"customedhealthcareinstitutionstype-code-system-A610\"> </a></td><td>疗养院</td></tr><tr><td style=\"white-space:nowrap\">A620<a name=\"customedhealthcareinstitutionstype-code-system-A620\"> </a></td><td>康复医疗中心</td></tr><tr><td style=\"white-space:nowrap\">A630<a name=\"customedhealthcareinstitutionstype-code-system-A630\"> </a></td><td>安宁疗护中心</td></tr><tr><td style=\"white-space:nowrap\">A730<a name=\"customedhealthcareinstitutionstype-code-system-A730\"> </a></td><td>护理中心</td></tr><tr><td style=\"white-space:nowrap\">A810<a name=\"customedhealthcareinstitutionstype-code-system-A810\"> </a></td><td>部队医院</td></tr><tr><td style=\"white-space:nowrap\">A900<a name=\"customedhealthcareinstitutionstype-code-system-A900\"> </a></td><td>无实体机构依托的互联网医院</td></tr><tr><td style=\"white-space:nowrap\">D218<a name=\"customedhealthcareinstitutionstype-code-system-D218\"> </a></td><td>中医诊所（备案）</td></tr><tr><td style=\"white-space:nowrap\">D219<a name=\"customedhealthcareinstitutionstype-code-system-D219\"> </a></td><td>普通诊所（备案）</td></tr><tr><td style=\"white-space:nowrap\">D220<a name=\"customedhealthcareinstitutionstype-code-system-D220\"> </a></td><td>口腔诊所（备案）</td></tr><tr><td style=\"white-space:nowrap\">D221<a name=\"customedhealthcareinstitutionstype-code-system-D221\"> </a></td><td>医疗美容诊所（备案）</td></tr><tr><td style=\"white-space:nowrap\">D222<a name=\"customedhealthcareinstitutionstype-code-system-D222\"> </a></td><td>中医（综合）诊所（备案）</td></tr><tr><td style=\"white-space:nowrap\">D223<a name=\"customedhealthcareinstitutionstype-code-system-D223\"> </a></td><td>中西医结合诊所（备案）</td></tr><tr><td style=\"white-space:nowrap\">G500<a name=\"customedhealthcareinstitutionstype-code-system-G500\"> </a></td><td>母婴护理保健中心</td></tr><tr><td style=\"white-space:nowrap\">G600<a name=\"customedhealthcareinstitutionstype-code-system-G600\"> </a></td><td>妇幼保健计划生育服务中心</td></tr><tr><td style=\"white-space:nowrap\">M635<a name=\"customedhealthcareinstitutionstype-code-system-M635\"> </a></td><td>呼吸病研究所</td></tr><tr><td style=\"white-space:nowrap\">N100<a name=\"customedhealthcareinstitutionstype-code-system-N100\"> </a></td><td>医学普通高中等学校</td></tr><tr><td style=\"white-space:nowrap\">N200<a name=\"customedhealthcareinstitutionstype-code-system-N200\"> </a></td><td>医学成人学校</td></tr><tr><td style=\"white-space:nowrap\">N310<a name=\"customedhealthcareinstitutionstype-code-system-N310\"> </a></td><td>继续医学教育中心</td></tr><tr><td style=\"white-space:nowrap\">N320<a name=\"customedhealthcareinstitutionstype-code-system-N320\"> </a></td><td>卫生人员培训中心</td></tr><tr><td style=\"white-space:nowrap\">N390<a name=\"customedhealthcareinstitutionstype-code-system-N390\"> </a></td><td>其他医学在职培训机构</td></tr><tr><td style=\"white-space:nowrap\">O300<a name=\"customedhealthcareinstitutionstype-code-system-O300\"> </a></td><td>健康教育中心</td></tr><tr><td style=\"white-space:nowrap\">O400<a name=\"customedhealthcareinstitutionstype-code-system-O400\"> </a></td><td>人口宣传教育中心</td></tr><tr><td style=\"white-space:nowrap\">P300<a name=\"customedhealthcareinstitutionstype-code-system-P300\"> </a></td><td>健康体检中心</td></tr><tr><td style=\"white-space:nowrap\">P410<a name=\"customedhealthcareinstitutionstype-code-system-P410\"> </a></td><td>医学检验实验室</td></tr><tr><td style=\"white-space:nowrap\">P420<a name=\"customedhealthcareinstitutionstype-code-system-P420\"> </a></td><td>病理诊断中心</td></tr><tr><td style=\"white-space:nowrap\">P430<a name=\"customedhealthcareinstitutionstype-code-system-P430\"> </a></td><td>医学影像诊断中心</td></tr><tr><td style=\"white-space:nowrap\">P440<a name=\"customedhealthcareinstitutionstype-code-system-P440\"> </a></td><td>血液透析中心</td></tr><tr><td style=\"white-space:nowrap\">P450<a name=\"customedhealthcareinstitutionstype-code-system-P450\"> </a></td><td>医疗消毒供应中心</td></tr><tr><td style=\"white-space:nowrap\">P490<a name=\"customedhealthcareinstitutionstype-code-system-P490\"> </a></td><td>其他辅助类诊疗服务机构</td></tr><tr><td style=\"white-space:nowrap\">P920<a name=\"customedhealthcareinstitutionstype-code-system-P920\"> </a></td><td>卫生人才交流中心</td></tr><tr><td style=\"white-space:nowrap\">P922<a name=\"customedhealthcareinstitutionstype-code-system-P922\"> </a></td><td>医疗管理服务指导中心</td></tr><tr><td style=\"white-space:nowrap\">P923<a name=\"customedhealthcareinstitutionstype-code-system-P923\"> </a></td><td>食品安全风险评估中心</td></tr><tr><td style=\"white-space:nowrap\">P924<a name=\"customedhealthcareinstitutionstype-code-system-P924\"> </a></td><td>社区卫生服务管理中心</td></tr><tr><td style=\"white-space:nowrap\">R100<a name=\"customedhealthcareinstitutionstype-code-system-R100\"> </a></td><td>托育机构</td></tr><tr><td style=\"white-space:nowrap\">R200<a name=\"customedhealthcareinstitutionstype-code-system-R200\"> </a></td><td>幼儿园托班</td></tr><tr><td style=\"white-space:nowrap\">R300<a name=\"customedhealthcareinstitutionstype-code-system-R300\"> </a></td><td>家庭托育点</td></tr><tr><td style=\"white-space:nowrap\">R400<a name=\"customedhealthcareinstitutionstype-code-system-R400\"> </a></td><td>社区托育（园）点</td></tr><tr><td style=\"white-space:nowrap\">R900<a name=\"customedhealthcareinstitutionstype-code-system-R900\"> </a></td><td>其他</td></tr><tr><td style=\"white-space:nowrap\">X100<a name=\"customedhealthcareinstitutionstype-code-system-X100\"> </a></td><td>县（区、县级市）卫生局基层户</td></tr><tr><td style=\"white-space:nowrap\">X101<a name=\"customedhealthcareinstitutionstype-code-system-X101\"> </a></td><td>虚拟卫生局基层户</td></tr><tr><td style=\"white-space:nowrap\">X111<a name=\"customedhealthcareinstitutionstype-code-system-X111\"> </a></td><td>县区卫生局</td></tr><tr><td style=\"white-space:nowrap\">Z100<a name=\"customedhealthcareinstitutionstype-code-system-Z100\"> </a></td><td>业务处室</td></tr></table></div>"
  },
  "url" : "http://fhir.cq.hc/CodeSystem/customedhealthcareinstitutionstype-code-system",
  "version" : "0.1.1",
  "name" : "CustomedHealthcareInstitutionsTypeCS",
  "title" : "自定义卫生机构（组织）分类与代码",
  "status" : "active",
  "experimental" : false,
  "date" : "2024-12-27T11:42:10+08:00",
  "publisher" : "重庆市卫生健康统计信息中心",
  "contact" : [{
    "name" : "重庆市卫生健康统计信息中心",
    "telecom" : [{
      "system" : "url",
      "value" : "http://www.cqshic.com"
    }]
  }],
  "description" : "WS 218-2002 卫生机构（组织）分类与代码中未包括，由统一报送系统扩展的卫生机构（组织）分类与代码。",
  "caseSensitive" : true,
  "content" : "complete",
  "count" : 42,
  "concept" : [{
    "code" : "A610",
    "display" : "疗养院"
  },
  {
    "code" : "A620",
    "display" : "康复医疗中心"
  },
  {
    "code" : "A630",
    "display" : "安宁疗护中心"
  },
  {
    "code" : "A730",
    "display" : "护理中心"
  },
  {
    "code" : "A810",
    "display" : "部队医院"
  },
  {
    "code" : "A900",
    "display" : "无实体机构依托的互联网医院"
  },
  {
    "code" : "D218",
    "display" : "中医诊所（备案）"
  },
  {
    "code" : "D219",
    "display" : "普通诊所（备案）"
  },
  {
    "code" : "D220",
    "display" : "口腔诊所（备案）"
  },
  {
    "code" : "D221",
    "display" : "医疗美容诊所（备案）"
  },
  {
    "code" : "D222",
    "display" : "中医（综合）诊所（备案）"
  },
  {
    "code" : "D223",
    "display" : "中西医结合诊所（备案）"
  },
  {
    "code" : "G500",
    "display" : "母婴护理保健中心"
  },
  {
    "code" : "G600",
    "display" : "妇幼保健计划生育服务中心"
  },
  {
    "code" : "M635",
    "display" : "呼吸病研究所"
  },
  {
    "code" : "N100",
    "display" : "医学普通高中等学校"
  },
  {
    "code" : "N200",
    "display" : "医学成人学校"
  },
  {
    "code" : "N310",
    "display" : "继续医学教育中心"
  },
  {
    "code" : "N320",
    "display" : "卫生人员培训中心"
  },
  {
    "code" : "N390",
    "display" : "其他医学在职培训机构"
  },
  {
    "code" : "O300",
    "display" : "健康教育中心"
  },
  {
    "code" : "O400",
    "display" : "人口宣传教育中心"
  },
  {
    "code" : "P300",
    "display" : "健康体检中心"
  },
  {
    "code" : "P410",
    "display" : "医学检验实验室"
  },
  {
    "code" : "P420",
    "display" : "病理诊断中心"
  },
  {
    "code" : "P430",
    "display" : "医学影像诊断中心"
  },
  {
    "code" : "P440",
    "display" : "血液透析中心"
  },
  {
    "code" : "P450",
    "display" : "医疗消毒供应中心"
  },
  {
    "code" : "P490",
    "display" : "其他辅助类诊疗服务机构"
  },
  {
    "code" : "P920",
    "display" : "卫生人才交流中心"
  },
  {
    "code" : "P922",
    "display" : "医疗管理服务指导中心"
  },
  {
    "code" : "P923",
    "display" : "食品安全风险评估中心"
  },
  {
    "code" : "P924",
    "display" : "社区卫生服务管理中心"
  },
  {
    "code" : "R100",
    "display" : "托育机构"
  },
  {
    "code" : "R200",
    "display" : "幼儿园托班"
  },
  {
    "code" : "R300",
    "display" : "家庭托育点"
  },
  {
    "code" : "R400",
    "display" : "社区托育（园）点"
  },
  {
    "code" : "R900",
    "display" : "其他"
  },
  {
    "code" : "X100",
    "display" : "县（区、县级市）卫生局基层户"
  },
  {
    "code" : "X101",
    "display" : "虚拟卫生局基层户"
  },
  {
    "code" : "X111",
    "display" : "县区卫生局"
  },
  {
    "code" : "Z100",
    "display" : "业务处室"
  }]
}