<?xml version="1.0" encoding="UTF-8"?>

<CodeSystem xmlns="http://hl7.org/fhir">
  <id value="cn-hospitalleve-code-system"/>
  <text>
    <status value="generated"/><div xmlns="http://www.w3.org/1999/xhtml"><p class="res-header-id"><b>Generated Narrative: CodeSystem cn-hospitalleve-code-system</b></p><a name="cn-hospitalleve-code-system"> </a><a name="hccn-hospitalleve-code-system"> </a><a name="cn-hospitalleve-code-system-und"> </a><p>This case-sensitive code system <code>http://fhir.cq.hc/CodeSystem/cn-hospitalleve-code-system</code> defines the following codes:</p><table class="codes"><tr><td style="white-space:nowrap"><b>Code</b></td><td><b>Display</b></td></tr><tr><td style="white-space:nowrap">1<a name="cn-hospitalleve-code-system-1"> </a></td><td>三级特等</td></tr><tr><td style="white-space:nowrap">2<a name="cn-hospitalleve-code-system-2"> </a></td><td>三级甲等</td></tr><tr><td style="white-space:nowrap">3<a name="cn-hospitalleve-code-system-3"> </a></td><td>三级乙等</td></tr><tr><td style="white-space:nowrap">4<a name="cn-hospitalleve-code-system-4"> </a></td><td>三级丙等</td></tr><tr><td style="white-space:nowrap">5<a name="cn-hospitalleve-code-system-5"> </a></td><td>二级甲等</td></tr><tr><td style="white-space:nowrap">6<a name="cn-hospitalleve-code-system-6"> </a></td><td>二级乙等</td></tr><tr><td style="white-space:nowrap">7<a name="cn-hospitalleve-code-system-7"> </a></td><td>二级丙等</td></tr><tr><td style="white-space:nowrap">8<a name="cn-hospitalleve-code-system-8"> </a></td><td>一级甲等</td></tr><tr><td style="white-space:nowrap">9<a name="cn-hospitalleve-code-system-9"> </a></td><td>一级乙等</td></tr><tr><td style="white-space:nowrap">10<a name="cn-hospitalleve-code-system-10"> </a></td><td>一级丙等</td></tr><tr><td style="white-space:nowrap">11<a name="cn-hospitalleve-code-system-11"> </a></td><td>一级未定等</td></tr><tr><td style="white-space:nowrap">12<a name="cn-hospitalleve-code-system-12"> </a></td><td>二级未定等</td></tr><tr><td style="white-space:nowrap">13<a name="cn-hospitalleve-code-system-13"> </a></td><td>三级未定等</td></tr><tr><td style="white-space:nowrap">14<a name="cn-hospitalleve-code-system-14"> </a></td><td>未定级</td></tr></table></div>
  </text>
  <url value="http://fhir.cq.hc/CodeSystem/cn-hospitalleve-code-system"/>
  <version value="0.1.0"/>
  <name value="CNHospitalLevelCS"/>
  <title value="中国医院三级评审等级代码"/>
  <status value="active"/>
  <experimental value="false"/>
  <date value="2024-12-16T18:04:20+08:00"/>
  <publisher value="重庆市卫生健康统计信息中心"/>
  <contact>
    <name value="重庆市卫生健康统计信息中心"/>
    <telecom>
      <system value="url"/>
      <value value="http://www.cqshic.com"/>
    </telecom>
  </contact>
  <description value="中国医院三级评审等级代码，整合多系统的表述以自定义代码实现。"/>
  <caseSensitive value="true"/>
  <content value="complete"/>
  <count value="14"/>
  <concept>
    <code value="1"/>
    <display value="三级特等"/>
  </concept>
  <concept>
    <code value="2"/>
    <display value="三级甲等"/>
  </concept>
  <concept>
    <code value="3"/>
    <display value="三级乙等"/>
  </concept>
  <concept>
    <code value="4"/>
    <display value="三级丙等"/>
  </concept>
  <concept>
    <code value="5"/>
    <display value="二级甲等"/>
  </concept>
  <concept>
    <code value="6"/>
    <display value="二级乙等"/>
  </concept>
  <concept>
    <code value="7"/>
    <display value="二级丙等"/>
  </concept>
  <concept>
    <code value="8"/>
    <display value="一级甲等"/>
  </concept>
  <concept>
    <code value="9"/>
    <display value="一级乙等"/>
  </concept>
  <concept>
    <code value="10"/>
    <display value="一级丙等"/>
  </concept>
  <concept>
    <code value="11"/>
    <display value="一级未定等"/>
  </concept>
  <concept>
    <code value="12"/>
    <display value="二级未定等"/>
  </concept>
  <concept>
    <code value="13"/>
    <display value="三级未定等"/>
  </concept>
  <concept>
    <code value="14"/>
    <display value="未定级"/>
  </concept>
</CodeSystem>