{
  "resourceType" : "CodeSystem",
  "id" : "cq-administrativedivision-code-system",
  "text" : {
    "status" : "generated",
    "div" : "<div xmlns=\"http://www.w3.org/1999/xhtml\"><p class=\"res-header-id\"><b>Generated Narrative: CodeSystem cq-administrativedivision-code-system</b></p><a name=\"cq-administrativedivision-code-system\"> </a><a name=\"hccq-administrativedivision-code-system\"> </a><a name=\"cq-administrativedivision-code-system-en-US\"> </a><p>This case-sensitive code system <code>http://fhir.cq.hc/CodeSystem/cq-administrativedivision-code-system</code> defines the following codes:</p><table class=\"codes\"><tr><td style=\"white-space:nowrap\"><b>Code</b></td><td><b>Display</b></td></tr><tr><td style=\"white-space:nowrap\">000000<a name=\"cq-administrativedivision-code-system-000000\"> </a></td><td>全国</td></tr><tr><td style=\"white-space:nowrap\">500000<a name=\"cq-administrativedivision-code-system-500000\"> </a></td><td>重庆市</td></tr><tr><td style=\"white-space:nowrap\">500100<a name=\"cq-administrativedivision-code-system-500100\"> </a></td><td>市辖区</td></tr><tr><td style=\"white-space:nowrap\">500101<a name=\"cq-administrativedivision-code-system-500101\"> </a></td><td>万州区</td></tr><tr><td style=\"white-space:nowrap\">500102<a name=\"cq-administrativedivision-code-system-500102\"> </a></td><td>涪陵区</td></tr><tr><td style=\"white-space:nowrap\">500103<a name=\"cq-administrativedivision-code-system-500103\"> </a></td><td>渝中区</td></tr><tr><td style=\"white-space:nowrap\">500104<a name=\"cq-administrativedivision-code-system-500104\"> </a></td><td>大渡口区</td></tr><tr><td style=\"white-space:nowrap\">500105<a name=\"cq-administrativedivision-code-system-500105\"> </a></td><td>江北区</td></tr><tr><td style=\"white-space:nowrap\">500106<a name=\"cq-administrativedivision-code-system-500106\"> </a></td><td>沙坪坝区</td></tr><tr><td style=\"white-space:nowrap\">500107<a name=\"cq-administrativedivision-code-system-500107\"> </a></td><td>九龙坡区</td></tr><tr><td style=\"white-space:nowrap\">500108<a name=\"cq-administrativedivision-code-system-500108\"> </a></td><td>南岸区</td></tr><tr><td style=\"white-space:nowrap\">500109<a name=\"cq-administrativedivision-code-system-500109\"> </a></td><td>北碚区</td></tr><tr><td style=\"white-space:nowrap\">500110<a name=\"cq-administrativedivision-code-system-500110\"> </a></td><td>綦江区</td></tr><tr><td style=\"white-space:nowrap\">500111<a name=\"cq-administrativedivision-code-system-500111\"> </a></td><td>大足区</td></tr><tr><td style=\"white-space:nowrap\">500112<a name=\"cq-administrativedivision-code-system-500112\"> </a></td><td>渝北区</td></tr><tr><td style=\"white-space:nowrap\">500113<a name=\"cq-administrativedivision-code-system-500113\"> </a></td><td>巴南区</td></tr><tr><td style=\"white-space:nowrap\">500114<a name=\"cq-administrativedivision-code-system-500114\"> </a></td><td>黔江区</td></tr><tr><td style=\"white-space:nowrap\">500115<a name=\"cq-administrativedivision-code-system-500115\"> </a></td><td>长寿区</td></tr><tr><td style=\"white-space:nowrap\">500116<a name=\"cq-administrativedivision-code-system-500116\"> </a></td><td>江津区</td></tr><tr><td style=\"white-space:nowrap\">500117<a name=\"cq-administrativedivision-code-system-500117\"> </a></td><td>合川区</td></tr><tr><td style=\"white-space:nowrap\">500118<a name=\"cq-administrativedivision-code-system-500118\"> </a></td><td>永川区</td></tr><tr><td style=\"white-space:nowrap\">500119<a name=\"cq-administrativedivision-code-system-500119\"> </a></td><td>南川区</td></tr><tr><td style=\"white-space:nowrap\">500120<a name=\"cq-administrativedivision-code-system-500120\"> </a></td><td>璧山区</td></tr><tr><td style=\"white-space:nowrap\">500131<a name=\"cq-administrativedivision-code-system-500131\"> </a></td><td>万盛经开区</td></tr><tr><td style=\"white-space:nowrap\">500132<a name=\"cq-administrativedivision-code-system-500132\"> </a></td><td>两江新区</td></tr><tr><td style=\"white-space:nowrap\">500133<a name=\"cq-administrativedivision-code-system-500133\"> </a></td><td>高新区</td></tr><tr><td style=\"white-space:nowrap\">500151<a name=\"cq-administrativedivision-code-system-500151\"> </a></td><td>铜梁区</td></tr><tr><td style=\"white-space:nowrap\">500152<a name=\"cq-administrativedivision-code-system-500152\"> </a></td><td>潼南区</td></tr><tr><td style=\"white-space:nowrap\">500153<a name=\"cq-administrativedivision-code-system-500153\"> </a></td><td>荣昌区</td></tr><tr><td style=\"white-space:nowrap\">500154<a name=\"cq-administrativedivision-code-system-500154\"> </a></td><td>开州区</td></tr><tr><td style=\"white-space:nowrap\">500155<a name=\"cq-administrativedivision-code-system-500155\"> </a></td><td>梁平区</td></tr><tr><td style=\"white-space:nowrap\">500156<a name=\"cq-administrativedivision-code-system-500156\"> </a></td><td>武隆区</td></tr><tr><td style=\"white-space:nowrap\">500200<a name=\"cq-administrativedivision-code-system-500200\"> </a></td><td>县</td></tr><tr><td style=\"white-space:nowrap\">500229<a name=\"cq-administrativedivision-code-system-500229\"> </a></td><td>城口县</td></tr><tr><td style=\"white-space:nowrap\">500230<a name=\"cq-administrativedivision-code-system-500230\"> </a></td><td>丰都县</td></tr><tr><td style=\"white-space:nowrap\">500231<a name=\"cq-administrativedivision-code-system-500231\"> </a></td><td>垫江县</td></tr><tr><td style=\"white-space:nowrap\">500233<a name=\"cq-administrativedivision-code-system-500233\"> </a></td><td>忠县</td></tr><tr><td style=\"white-space:nowrap\">500235<a name=\"cq-administrativedivision-code-system-500235\"> </a></td><td>云阳县</td></tr><tr><td style=\"white-space:nowrap\">500236<a name=\"cq-administrativedivision-code-system-500236\"> </a></td><td>奉节县</td></tr><tr><td style=\"white-space:nowrap\">500237<a name=\"cq-administrativedivision-code-system-500237\"> </a></td><td>巫山县</td></tr><tr><td style=\"white-space:nowrap\">500238<a name=\"cq-administrativedivision-code-system-500238\"> </a></td><td>巫溪县</td></tr><tr><td style=\"white-space:nowrap\">500240<a name=\"cq-administrativedivision-code-system-500240\"> </a></td><td>石柱土家族自治县</td></tr><tr><td style=\"white-space:nowrap\">500241<a name=\"cq-administrativedivision-code-system-500241\"> </a></td><td>秀山土家族苗族自治县</td></tr><tr><td style=\"white-space:nowrap\">500242<a name=\"cq-administrativedivision-code-system-500242\"> </a></td><td>酉阳土家族苗族自治县</td></tr><tr><td style=\"white-space:nowrap\">500243<a name=\"cq-administrativedivision-code-system-500243\"> </a></td><td>彭水苗族土家族自治县</td></tr></table></div>"
  },
  "url" : "http://fhir.cq.hc/CodeSystem/cq-administrativedivision-code-system",
  "version" : "0.1.4",
  "name" : "CQAdministrativeDivisionCS",
  "title" : "重庆区级行政区划代码",
  "status" : "active",
  "experimental" : false,
  "date" : "2025-04-28T16:02:01+08:00",
  "publisher" : "重庆市卫生健康统计信息中心",
  "contact" : [{
    "name" : "重庆市卫生健康统计信息中心",
    "telecom" : [{
      "system" : "url",
      "value" : "http://www.cqshic.com"
    }]
  }],
  "description" : "重庆区级行政区划代码，来源于统一直报系统字典。",
  "caseSensitive" : true,
  "content" : "complete",
  "count" : 45,
  "concept" : [{
    "code" : "000000",
    "display" : "全国"
  },
  {
    "code" : "500000",
    "display" : "重庆市"
  },
  {
    "code" : "500100",
    "display" : "市辖区"
  },
  {
    "code" : "500101",
    "display" : "万州区"
  },
  {
    "code" : "500102",
    "display" : "涪陵区"
  },
  {
    "code" : "500103",
    "display" : "渝中区"
  },
  {
    "code" : "500104",
    "display" : "大渡口区"
  },
  {
    "code" : "500105",
    "display" : "江北区"
  },
  {
    "code" : "500106",
    "display" : "沙坪坝区"
  },
  {
    "code" : "500107",
    "display" : "九龙坡区"
  },
  {
    "code" : "500108",
    "display" : "南岸区"
  },
  {
    "code" : "500109",
    "display" : "北碚区"
  },
  {
    "code" : "500110",
    "display" : "綦江区"
  },
  {
    "code" : "500111",
    "display" : "大足区"
  },
  {
    "code" : "500112",
    "display" : "渝北区"
  },
  {
    "code" : "500113",
    "display" : "巴南区"
  },
  {
    "code" : "500114",
    "display" : "黔江区"
  },
  {
    "code" : "500115",
    "display" : "长寿区"
  },
  {
    "code" : "500116",
    "display" : "江津区"
  },
  {
    "code" : "500117",
    "display" : "合川区"
  },
  {
    "code" : "500118",
    "display" : "永川区"
  },
  {
    "code" : "500119",
    "display" : "南川区"
  },
  {
    "code" : "500120",
    "display" : "璧山区"
  },
  {
    "code" : "500131",
    "display" : "万盛经开区"
  },
  {
    "code" : "500132",
    "display" : "两江新区"
  },
  {
    "code" : "500133",
    "display" : "高新区"
  },
  {
    "code" : "500151",
    "display" : "铜梁区"
  },
  {
    "code" : "500152",
    "display" : "潼南区"
  },
  {
    "code" : "500153",
    "display" : "荣昌区"
  },
  {
    "code" : "500154",
    "display" : "开州区"
  },
  {
    "code" : "500155",
    "display" : "梁平区"
  },
  {
    "code" : "500156",
    "display" : "武隆区"
  },
  {
    "code" : "500200",
    "display" : "县"
  },
  {
    "code" : "500229",
    "display" : "城口县"
  },
  {
    "code" : "500230",
    "display" : "丰都县"
  },
  {
    "code" : "500231",
    "display" : "垫江县"
  },
  {
    "code" : "500233",
    "display" : "忠县"
  },
  {
    "code" : "500235",
    "display" : "云阳县"
  },
  {
    "code" : "500236",
    "display" : "奉节县"
  },
  {
    "code" : "500237",
    "display" : "巫山县"
  },
  {
    "code" : "500238",
    "display" : "巫溪县"
  },
  {
    "code" : "500240",
    "display" : "石柱土家族自治县"
  },
  {
    "code" : "500241",
    "display" : "秀山土家族苗族自治县"
  },
  {
    "code" : "500242",
    "display" : "酉阳土家族苗族自治县"
  },
  {
    "code" : "500243",
    "display" : "彭水苗族土家族自治县"
  }]
}