{
  "resourceType" : "CodeSystem",
  "id" : "cn-hospitalnanagementtype-code-system",
  "text" : {
    "status" : "generated",
    "div" : "<div xmlns=\"http://www.w3.org/1999/xhtml\"><p class=\"res-header-id\"><b>Generated Narrative: CodeSystem cn-hospitalnanagementtype-code-system</b></p><a name=\"cn-hospitalnanagementtype-code-system\"> </a><a name=\"hccn-hospitalnanagementtype-code-system\"> </a><a name=\"cn-hospitalnanagementtype-code-system-und\"> </a><p>This case-sensitive code system <code>http://fhir.cq.hc/CodeSystem/cn-hospitalnanagementtype-code-system</code> defines the following codes:</p><table class=\"codes\"><tr><td style=\"white-space:nowrap\"><b>Code</b></td><td><b>Display</b></td></tr><tr><td style=\"white-space:nowrap\">1<a name=\"cn-hospitalnanagementtype-code-system-1\"> </a></td><td>非营利性医疗机构</td></tr><tr><td style=\"white-space:nowrap\">2<a name=\"cn-hospitalnanagementtype-code-system-2\"> </a></td><td>营利性医疗机构</td></tr><tr><td style=\"white-space:nowrap\">9<a name=\"cn-hospitalnanagementtype-code-system-9\"> </a></td><td>其他卫生机构</td></tr></table></div>"
  },
  "url" : "http://fhir.cq.hc/CodeSystem/cn-hospitalnanagementtype-code-system",
  "version" : "0.1.1",
  "name" : "CNHospitalManagementTypeCS",
  "title" : "医院管理类型代码",
  "status" : "active",
  "experimental" : false,
  "date" : "2024-12-26T20:46:24+08:00",
  "publisher" : "重庆市卫生健康统计信息中心",
  "contact" : [{
    "name" : "重庆市卫生健康统计信息中心",
    "telecom" : [{
      "system" : "url",
      "value" : "http://www.cqshic.com"
    }]
  }],
  "description" : "医院管理类型代码，使用WS 218-2002 卫生机构（组织）分类与代码中附录B，机构分类管理代码表作为标准。",
  "caseSensitive" : true,
  "content" : "complete",
  "count" : 3,
  "concept" : [{
    "code" : "1",
    "display" : "非营利性医疗机构"
  },
  {
    "code" : "2",
    "display" : "营利性医疗机构"
  },
  {
    "code" : "9",
    "display" : "其他卫生机构"
  }]
}