{
  "codeSystems" : [
    {
      "url" : "http://fhir.cq.hc/CodeSystem/cn-hospitalleve-code-system",
      "version" : "0.1.1",
      "status" : "active",
      "name" : "CNHospitalLevelCS",
      "title" : "中国医院三级评审等级代码",
      "description" : "中国医院三级评审等级代码，整合多系统的表述以自定义代码实现。"
    },
    {
      "url" : "http://fhir.cq.hc/CodeSystem/cn-hospitalnanagementtype-code-system",
      "version" : "0.1.1",
      "status" : "active",
      "name" : "CNHospitalManagementTypeCS",
      "title" : "医院管理类型代码",
      "description" : "医院管理类型代码，使用WS 218-2002 卫生机构（组织）分类与代码中附录B，机构分类管理代码表作为标准。"
    },
    {
      "url" : "http://fhir.cq.hc/CodeSystem/contactortype-code-system",
      "version" : "0.1.1",
      "status" : "active",
      "name" : "ChineseContactorTypeCS",
      "title" : "联系人类型",
      "description" : "中国联系人类型，如负责人等，更符合中文语义习惯"
    },
    {
      "url" : "http://fhir.cq.hc/CodeSystem/cq-administrativedivision-code-system",
      "version" : "0.1.1",
      "status" : "active",
      "name" : "CQAdministrativeDivisionCS",
      "title" : "重庆区级行政区划代码",
      "description" : "重庆区级行政区划代码，来源于统一直报系统字典。"
    },
    {
      "url" : "http://fhir.cq.hc/CodeSystem/cq-streetdivision-code-system",
      "version" : "0.1.1",
      "status" : "active",
      "name" : "CQStreetDivisionCS",
      "title" : "重庆（乡镇街道级）行政区划代码",
      "description" : "重庆（乡镇街道级）行政区划代码，来源于统一直报系统字典。"
    },
    {
      "url" : "http://fhir.cq.hc/CodeSystem/customedhealthcareinstitutionstype-code-system",
      "version" : "0.1.1",
      "status" : "active",
      "name" : "CustomedHealthcareInstitutionsTypeCS",
      "title" : "自定义卫生机构（组织）分类与代码",
      "description" : "WS 218-2002 卫生机构（组织）分类与代码中未包括，由统一报送系统扩展的卫生机构（组织）分类与代码。"
    },
    {
      "url" : "http://fhir.cq.hc/CodeSystem/healthcareinstitutionstype-code-system",
      "version" : "0.1.1",
      "status" : "active",
      "name" : "HealthcareInstitutionsTypeCS",
      "title" : "卫生机构（组织）分类与代码",
      "description" : "行业标准WS 218-2002 卫生机构（组织）分类与代码,不适用1、2级码，仅使用第三级代码"
    },
    {
      "url" : "http://fhir.cq.hc/CodeSystem/identifierType-code-system",
      "version" : "0.1.1",
      "status" : "active",
      "name" : "ChineseIdentifierTypeCS",
      "title" : "标识类型",
      "description" : "中国标识类型，如身份证号，统一社会信用代码等，在FHIR标准的术语中扩充而成。"
    },
    {
      "url" : "http://fhir.cq.hc/CodeSystem/nationaleconomicindustryclassification-code-system",
      "version" : "0.1.1",
      "status" : "active",
      "name" : "NationalEconomicIndustryClassificationCS",
      "title" : "经济类型分类代码",
      "description" : "国家标准 GB/T 12402-2000《经济类型分类与代码》"
    },
    {
      "url" : "http://fhir.cq.hc/CodeSystem/operatingstatus-code-system",
      "version" : "0.1.1",
      "status" : "active",
      "name" : "OperatingStatusCS",
      "title" : "机构运营状态代码",
      "description" : "机构运营状态代码，来源于统一直报系统字典。"
    },
    {
      "url" : "http://fhir.cq.hc/CodeSystem/organizationtype-code-system",
      "version" : "0.1.1",
      "status" : "active",
      "name" : "OrganizationTypeCS",
      "title" : "组织机构类型代码",
      "description" : "国家标准GB/T 20091-2021 组织机构类型"
    }
  ]
}
