{
  "resourceType" : "CodeSystem",
  "id" : "healthcareinstitutionstype-code-system",
  "text" : {
    "status" : "generated",
    "div" : "<div xmlns=\"http://www.w3.org/1999/xhtml\"><p class=\"res-header-id\"><b>Generated Narrative: CodeSystem healthcareinstitutionstype-code-system</b></p><a name=\"healthcareinstitutionstype-code-system\"> </a><a name=\"hchealthcareinstitutionstype-code-system\"> </a><a name=\"healthcareinstitutionstype-code-system-und\"> </a><p>This case-sensitive code system <code>http://fhir.cq.hc/CodeSystem/healthcareinstitutionstype-code-system</code> defines the following codes:</p><table class=\"codes\"><tr><td style=\"white-space:nowrap\"><b>Code</b></td><td><b>Display</b></td></tr><tr><td style=\"white-space:nowrap\">A100<a name=\"healthcareinstitutionstype-code-system-A100\"> </a></td><td>综合医院</td></tr><tr><td style=\"white-space:nowrap\">A210<a name=\"healthcareinstitutionstype-code-system-A210\"> </a></td><td>中医 (综合) 医院</td></tr><tr><td style=\"white-space:nowrap\">A220<a name=\"healthcareinstitutionstype-code-system-A220\"> </a></td><td>中医专科医院</td></tr><tr><td style=\"white-space:nowrap\">A221<a name=\"healthcareinstitutionstype-code-system-A221\"> </a></td><td>肛肠医院</td></tr><tr><td style=\"white-space:nowrap\">A222<a name=\"healthcareinstitutionstype-code-system-A222\"> </a></td><td>骨伤医院</td></tr><tr><td style=\"white-space:nowrap\">A223<a name=\"healthcareinstitutionstype-code-system-A223\"> </a></td><td>针炙医院</td></tr><tr><td style=\"white-space:nowrap\">A224<a name=\"healthcareinstitutionstype-code-system-A224\"> </a></td><td>按摩医院</td></tr><tr><td style=\"white-space:nowrap\">A229<a name=\"healthcareinstitutionstype-code-system-A229\"> </a></td><td>其他中医专科医院</td></tr><tr><td style=\"white-space:nowrap\">A300<a name=\"healthcareinstitutionstype-code-system-A300\"> </a></td><td>中西医结合医院</td></tr><tr><td style=\"white-space:nowrap\">A411<a name=\"healthcareinstitutionstype-code-system-A411\"> </a></td><td>蒙医院</td></tr><tr><td style=\"white-space:nowrap\">A412<a name=\"healthcareinstitutionstype-code-system-A412\"> </a></td><td>藏医院</td></tr><tr><td style=\"white-space:nowrap\">A413<a name=\"healthcareinstitutionstype-code-system-A413\"> </a></td><td>维医院</td></tr><tr><td style=\"white-space:nowrap\">A414<a name=\"healthcareinstitutionstype-code-system-A414\"> </a></td><td>傣医院</td></tr><tr><td style=\"white-space:nowrap\">A419<a name=\"healthcareinstitutionstype-code-system-A419\"> </a></td><td>其他民族医院</td></tr><tr><td style=\"white-space:nowrap\">A511<a name=\"healthcareinstitutionstype-code-system-A511\"> </a></td><td>口腔医院</td></tr><tr><td style=\"white-space:nowrap\">A512<a name=\"healthcareinstitutionstype-code-system-A512\"> </a></td><td>眼科医院</td></tr><tr><td style=\"white-space:nowrap\">A513<a name=\"healthcareinstitutionstype-code-system-A513\"> </a></td><td>耳鼻喉科医院</td></tr><tr><td style=\"white-space:nowrap\">A514<a name=\"healthcareinstitutionstype-code-system-A514\"> </a></td><td>肿瘤医院</td></tr><tr><td style=\"white-space:nowrap\">A515<a name=\"healthcareinstitutionstype-code-system-A515\"> </a></td><td>心血管病医院</td></tr><tr><td style=\"white-space:nowrap\">A516<a name=\"healthcareinstitutionstype-code-system-A516\"> </a></td><td>胸科医院</td></tr><tr><td style=\"white-space:nowrap\">A517<a name=\"healthcareinstitutionstype-code-system-A517\"> </a></td><td>血液病医院</td></tr><tr><td style=\"white-space:nowrap\">A518<a name=\"healthcareinstitutionstype-code-system-A518\"> </a></td><td>妇产 (科) 医院</td></tr><tr><td style=\"white-space:nowrap\">A519<a name=\"healthcareinstitutionstype-code-system-A519\"> </a></td><td>儿童医院</td></tr><tr><td style=\"white-space:nowrap\">A520<a name=\"healthcareinstitutionstype-code-system-A520\"> </a></td><td>精神病医院</td></tr><tr><td style=\"white-space:nowrap\">A521<a name=\"healthcareinstitutionstype-code-system-A521\"> </a></td><td>传染病医院</td></tr><tr><td style=\"white-space:nowrap\">A522<a name=\"healthcareinstitutionstype-code-system-A522\"> </a></td><td>皮肤病医院</td></tr><tr><td style=\"white-space:nowrap\">A523<a name=\"healthcareinstitutionstype-code-system-A523\"> </a></td><td>结核病医院</td></tr><tr><td style=\"white-space:nowrap\">A524<a name=\"healthcareinstitutionstype-code-system-A524\"> </a></td><td>麻风病医院</td></tr><tr><td style=\"white-space:nowrap\">A525<a name=\"healthcareinstitutionstype-code-system-A525\"> </a></td><td>职业病医院</td></tr><tr><td style=\"white-space:nowrap\">A526<a name=\"healthcareinstitutionstype-code-system-A526\"> </a></td><td>骨科医院</td></tr><tr><td style=\"white-space:nowrap\">A527<a name=\"healthcareinstitutionstype-code-system-A527\"> </a></td><td>康复医院</td></tr><tr><td style=\"white-space:nowrap\">A528<a name=\"healthcareinstitutionstype-code-system-A528\"> </a></td><td>整形外科医院</td></tr><tr><td style=\"white-space:nowrap\">A529<a name=\"healthcareinstitutionstype-code-system-A529\"> </a></td><td>美容医院</td></tr><tr><td style=\"white-space:nowrap\">A539<a name=\"healthcareinstitutionstype-code-system-A539\"> </a></td><td>其他专科医院</td></tr><tr><td style=\"white-space:nowrap\">A600<a name=\"healthcareinstitutionstype-code-system-A600\"> </a></td><td>疗养院</td></tr><tr><td style=\"white-space:nowrap\">A710<a name=\"healthcareinstitutionstype-code-system-A710\"> </a></td><td>护理院</td></tr><tr><td style=\"white-space:nowrap\">A720<a name=\"healthcareinstitutionstype-code-system-A720\"> </a></td><td>护理站</td></tr><tr><td style=\"white-space:nowrap\">B100<a name=\"healthcareinstitutionstype-code-system-B100\"> </a></td><td>社区卫生服务中心</td></tr><tr><td style=\"white-space:nowrap\">B200<a name=\"healthcareinstitutionstype-code-system-B200\"> </a></td><td>社区卫生服务站</td></tr><tr><td style=\"white-space:nowrap\">C100<a name=\"healthcareinstitutionstype-code-system-C100\"> </a></td><td>街道卫生院</td></tr><tr><td style=\"white-space:nowrap\">C210<a name=\"healthcareinstitutionstype-code-system-C210\"> </a></td><td>中心卫生院</td></tr><tr><td style=\"white-space:nowrap\">C220<a name=\"healthcareinstitutionstype-code-system-C220\"> </a></td><td>乡卫生院</td></tr><tr><td style=\"white-space:nowrap\">D110<a name=\"healthcareinstitutionstype-code-system-D110\"> </a></td><td>综合门诊部</td></tr><tr><td style=\"white-space:nowrap\">D120<a name=\"healthcareinstitutionstype-code-system-D120\"> </a></td><td>中医门诊部</td></tr><tr><td style=\"white-space:nowrap\">D121<a name=\"healthcareinstitutionstype-code-system-D121\"> </a></td><td>中医 (综合) 门诊部</td></tr><tr><td style=\"white-space:nowrap\">D122<a name=\"healthcareinstitutionstype-code-system-D122\"> </a></td><td>中医专科门诊部</td></tr><tr><td style=\"white-space:nowrap\">D130<a name=\"healthcareinstitutionstype-code-system-D130\"> </a></td><td>中西医结合门诊部</td></tr><tr><td style=\"white-space:nowrap\">D140<a name=\"healthcareinstitutionstype-code-system-D140\"> </a></td><td>民族医门诊部</td></tr><tr><td style=\"white-space:nowrap\">D150<a name=\"healthcareinstitutionstype-code-system-D150\"> </a></td><td>专科门诊部</td></tr><tr><td style=\"white-space:nowrap\">D151<a name=\"healthcareinstitutionstype-code-system-D151\"> </a></td><td>普通专科门诊部</td></tr><tr><td style=\"white-space:nowrap\">D152<a name=\"healthcareinstitutionstype-code-system-D152\"> </a></td><td>口腔门诊部</td></tr><tr><td style=\"white-space:nowrap\">D153<a name=\"healthcareinstitutionstype-code-system-D153\"> </a></td><td>眼科门诊部</td></tr><tr><td style=\"white-space:nowrap\">D154<a name=\"healthcareinstitutionstype-code-system-D154\"> </a></td><td>医疗美容门诊部</td></tr><tr><td style=\"white-space:nowrap\">D155<a name=\"healthcareinstitutionstype-code-system-D155\"> </a></td><td>精神卫生门诊部</td></tr><tr><td style=\"white-space:nowrap\">D159<a name=\"healthcareinstitutionstype-code-system-D159\"> </a></td><td>其他专科门诊部</td></tr><tr><td style=\"white-space:nowrap\">D211<a name=\"healthcareinstitutionstype-code-system-D211\"> </a></td><td>普通诊所</td></tr><tr><td style=\"white-space:nowrap\">D212<a name=\"healthcareinstitutionstype-code-system-D212\"> </a></td><td>中医诊所</td></tr><tr><td style=\"white-space:nowrap\">D213<a name=\"healthcareinstitutionstype-code-system-D213\"> </a></td><td>中西医结合诊所</td></tr><tr><td style=\"white-space:nowrap\">D214<a name=\"healthcareinstitutionstype-code-system-D214\"> </a></td><td>民族医诊所</td></tr><tr><td style=\"white-space:nowrap\">D215<a name=\"healthcareinstitutionstype-code-system-D215\"> </a></td><td>口腔诊所</td></tr><tr><td style=\"white-space:nowrap\">D216<a name=\"healthcareinstitutionstype-code-system-D216\"> </a></td><td>医疗美容诊所</td></tr><tr><td style=\"white-space:nowrap\">D217<a name=\"healthcareinstitutionstype-code-system-D217\"> </a></td><td>精神卫生诊所</td></tr><tr><td style=\"white-space:nowrap\">D229<a name=\"healthcareinstitutionstype-code-system-D229\"> </a></td><td>其他诊所</td></tr><tr><td style=\"white-space:nowrap\">D300<a name=\"healthcareinstitutionstype-code-system-D300\"> </a></td><td>卫生所 (室)</td></tr><tr><td style=\"white-space:nowrap\">D400<a name=\"healthcareinstitutionstype-code-system-D400\"> </a></td><td>医务室</td></tr><tr><td style=\"white-space:nowrap\">D500<a name=\"healthcareinstitutionstype-code-system-D500\"> </a></td><td>中小学卫生保健所</td></tr><tr><td style=\"white-space:nowrap\">D600<a name=\"healthcareinstitutionstype-code-system-D600\"> </a></td><td>村卫生室</td></tr><tr><td style=\"white-space:nowrap\">E100<a name=\"healthcareinstitutionstype-code-system-E100\"> </a></td><td>急救中心</td></tr><tr><td style=\"white-space:nowrap\">E200<a name=\"healthcareinstitutionstype-code-system-E200\"> </a></td><td>急救中心站</td></tr><tr><td style=\"white-space:nowrap\">E300<a name=\"healthcareinstitutionstype-code-system-E300\"> </a></td><td>急救站</td></tr><tr><td style=\"white-space:nowrap\">F110<a name=\"healthcareinstitutionstype-code-system-F110\"> </a></td><td>血液中心</td></tr><tr><td style=\"white-space:nowrap\">F120<a name=\"healthcareinstitutionstype-code-system-F120\"> </a></td><td>中心血站</td></tr><tr><td style=\"white-space:nowrap\">F130<a name=\"healthcareinstitutionstype-code-system-F130\"> </a></td><td>基层血站、中心血库</td></tr><tr><td style=\"white-space:nowrap\">F200<a name=\"healthcareinstitutionstype-code-system-F200\"> </a></td><td>单采血浆站</td></tr><tr><td style=\"white-space:nowrap\">G100<a name=\"healthcareinstitutionstype-code-system-G100\"> </a></td><td>妇幼保健院</td></tr><tr><td style=\"white-space:nowrap\">G200<a name=\"healthcareinstitutionstype-code-system-G200\"> </a></td><td>妇幼保健所</td></tr><tr><td style=\"white-space:nowrap\">G300<a name=\"healthcareinstitutionstype-code-system-G300\"> </a></td><td>妇幼保健站</td></tr><tr><td style=\"white-space:nowrap\">G400<a name=\"healthcareinstitutionstype-code-system-G400\"> </a></td><td>生殖保健中心</td></tr><tr><td style=\"white-space:nowrap\">H111<a name=\"healthcareinstitutionstype-code-system-H111\"> </a></td><td>传染病防治院</td></tr><tr><td style=\"white-space:nowrap\">H112<a name=\"healthcareinstitutionstype-code-system-H112\"> </a></td><td>结核病防治院</td></tr><tr><td style=\"white-space:nowrap\">H113<a name=\"healthcareinstitutionstype-code-system-H113\"> </a></td><td>职业病防治院</td></tr><tr><td style=\"white-space:nowrap\">H119<a name=\"healthcareinstitutionstype-code-system-H119\"> </a></td><td>其他专科疾病防治院</td></tr><tr><td style=\"white-space:nowrap\">H211<a name=\"healthcareinstitutionstype-code-system-H211\"> </a></td><td>口腔病防治所 (站、中心)</td></tr><tr><td style=\"white-space:nowrap\">H212<a name=\"healthcareinstitutionstype-code-system-H212\"> </a></td><td>精神病防治所 (站、中心)</td></tr><tr><td style=\"white-space:nowrap\">H213<a name=\"healthcareinstitutionstype-code-system-H213\"> </a></td><td>皮肤病防治所 (站、中心)</td></tr><tr><td style=\"white-space:nowrap\">H214<a name=\"healthcareinstitutionstype-code-system-H214\"> </a></td><td>结核病防治所 (站、中心)</td></tr><tr><td style=\"white-space:nowrap\">H215<a name=\"healthcareinstitutionstype-code-system-H215\"> </a></td><td>麻风病防治所 (站、中心)</td></tr><tr><td style=\"white-space:nowrap\">H216<a name=\"healthcareinstitutionstype-code-system-H216\"> </a></td><td>职业病防治所 (站、中心)</td></tr><tr><td style=\"white-space:nowrap\">H217<a name=\"healthcareinstitutionstype-code-system-H217\"> </a></td><td>寄生虫病防治所 (站、中心)</td></tr><tr><td style=\"white-space:nowrap\">H218<a name=\"healthcareinstitutionstype-code-system-H218\"> </a></td><td>地方病防治所 (站、中心)</td></tr><tr><td style=\"white-space:nowrap\">H219<a name=\"healthcareinstitutionstype-code-system-H219\"> </a></td><td>血吸虫病防治所 (站、中心)</td></tr><tr><td style=\"white-space:nowrap\">H220<a name=\"healthcareinstitutionstype-code-system-H220\"> </a></td><td>药物戒毒所 (中心)</td></tr><tr><td style=\"white-space:nowrap\">H229<a name=\"healthcareinstitutionstype-code-system-H229\"> </a></td><td>其他专科疾病防治所 (站、中心)</td></tr><tr><td style=\"white-space:nowrap\">J100<a name=\"healthcareinstitutionstype-code-system-J100\"> </a></td><td>疾病预防控制中心</td></tr><tr><td style=\"white-space:nowrap\">J200<a name=\"healthcareinstitutionstype-code-system-J200\"> </a></td><td>卫生防疫站</td></tr><tr><td style=\"white-space:nowrap\">J300<a name=\"healthcareinstitutionstype-code-system-J300\"> </a></td><td>卫生防病中心</td></tr><tr><td style=\"white-space:nowrap\">J400<a name=\"healthcareinstitutionstype-code-system-J400\"> </a></td><td>预防保健中心</td></tr><tr><td style=\"white-space:nowrap\">K100<a name=\"healthcareinstitutionstype-code-system-K100\"> </a></td><td>卫生监督所 (局)</td></tr><tr><td style=\"white-space:nowrap\">L100<a name=\"healthcareinstitutionstype-code-system-L100\"> </a></td><td>卫生 (综合) 监督检验 (监测、检测) 所 (站)</td></tr><tr><td style=\"white-space:nowrap\">L200<a name=\"healthcareinstitutionstype-code-system-L200\"> </a></td><td>环境卫生监督检验 (监测、检测) 所 (站)</td></tr><tr><td style=\"white-space:nowrap\">L300<a name=\"healthcareinstitutionstype-code-system-L300\"> </a></td><td>放射卫生监督检验 (监、检测) 所 (站)</td></tr><tr><td style=\"white-space:nowrap\">L400<a name=\"healthcareinstitutionstype-code-system-L400\"> </a></td><td>劳动 (职业、工业) 卫生监督检验 (监测、检测) 所 (站)</td></tr><tr><td style=\"white-space:nowrap\">L500<a name=\"healthcareinstitutionstype-code-system-L500\"> </a></td><td>食品卫生监督检验 (监测、检测) 所 (站)</td></tr><tr><td style=\"white-space:nowrap\">L600<a name=\"healthcareinstitutionstype-code-system-L600\"> </a></td><td>学校卫生监督检验 (监测、检测) 所 (站)</td></tr><tr><td style=\"white-space:nowrap\">L900<a name=\"healthcareinstitutionstype-code-system-L900\"> </a></td><td>其他卫生监督检验 (监测、检测) 所 (站)</td></tr><tr><td style=\"white-space:nowrap\">M100<a name=\"healthcareinstitutionstype-code-system-M100\"> </a></td><td>医学科学 (研究) 院 (所)</td></tr><tr><td style=\"white-space:nowrap\">M200<a name=\"healthcareinstitutionstype-code-system-M200\"> </a></td><td>预防医学研究院 (所)</td></tr><tr><td style=\"white-space:nowrap\">M300<a name=\"healthcareinstitutionstype-code-system-M300\"> </a></td><td>中医 (药) 研究院 (所)</td></tr><tr><td style=\"white-space:nowrap\">M400<a name=\"healthcareinstitutionstype-code-system-M400\"> </a></td><td>中西医结合研究所</td></tr><tr><td style=\"white-space:nowrap\">M500<a name=\"healthcareinstitutionstype-code-system-M500\"> </a></td><td>民族医 (药) 学研究所</td></tr><tr><td style=\"white-space:nowrap\">M611<a name=\"healthcareinstitutionstype-code-system-M611\"> </a></td><td>基础医学研究所</td></tr><tr><td style=\"white-space:nowrap\">M612<a name=\"healthcareinstitutionstype-code-system-M612\"> </a></td><td>病毒学研究所</td></tr><tr><td style=\"white-space:nowrap\">M613<a name=\"healthcareinstitutionstype-code-system-M613\"> </a></td><td>老年医学研究所</td></tr><tr><td style=\"white-space:nowrap\">M614<a name=\"healthcareinstitutionstype-code-system-M614\"> </a></td><td>肿瘤 (防治) 研究所</td></tr><tr><td style=\"white-space:nowrap\">M615<a name=\"healthcareinstitutionstype-code-system-M615\"> </a></td><td>心血管病研究所</td></tr><tr><td style=\"white-space:nowrap\">M616<a name=\"healthcareinstitutionstype-code-system-M616\"> </a></td><td>血液学研究所</td></tr><tr><td style=\"white-space:nowrap\">M617<a name=\"healthcareinstitutionstype-code-system-M617\"> </a></td><td>整形外科研究所</td></tr><tr><td style=\"white-space:nowrap\">M618<a name=\"healthcareinstitutionstype-code-system-M618\"> </a></td><td>精神卫生研究所</td></tr><tr><td style=\"white-space:nowrap\">M619<a name=\"healthcareinstitutionstype-code-system-M619\"> </a></td><td>放射医学研究所</td></tr><tr><td style=\"white-space:nowrap\">M620<a name=\"healthcareinstitutionstype-code-system-M620\"> </a></td><td>医学生物学研究所</td></tr><tr><td style=\"white-space:nowrap\">M621<a name=\"healthcareinstitutionstype-code-system-M621\"> </a></td><td>生物医学工程研究所</td></tr><tr><td style=\"white-space:nowrap\">M622<a name=\"healthcareinstitutionstype-code-system-M622\"> </a></td><td>实验动物研究所</td></tr><tr><td style=\"white-space:nowrap\">M623<a name=\"healthcareinstitutionstype-code-system-M623\"> </a></td><td>结核病防治研究所</td></tr><tr><td style=\"white-space:nowrap\">M624<a name=\"healthcareinstitutionstype-code-system-M624\"> </a></td><td>皮肤病与性病防治研究所</td></tr><tr><td style=\"white-space:nowrap\">M625<a name=\"healthcareinstitutionstype-code-system-M625\"> </a></td><td>寄生虫病防治研究所</td></tr><tr><td style=\"white-space:nowrap\">M626<a name=\"healthcareinstitutionstype-code-system-M626\"> </a></td><td>地方病防治研究所</td></tr><tr><td style=\"white-space:nowrap\">M627<a name=\"healthcareinstitutionstype-code-system-M627\"> </a></td><td>血吸虫病防治研究所</td></tr><tr><td style=\"white-space:nowrap\">M628<a name=\"healthcareinstitutionstype-code-system-M628\"> </a></td><td>流行病学研究所</td></tr><tr><td style=\"white-space:nowrap\">M629<a name=\"healthcareinstitutionstype-code-system-M629\"> </a></td><td>医学微生物学研究所</td></tr><tr><td style=\"white-space:nowrap\">M630<a name=\"healthcareinstitutionstype-code-system-M630\"> </a></td><td>环境卫生研究所</td></tr><tr><td style=\"white-space:nowrap\">M631<a name=\"healthcareinstitutionstype-code-system-M631\"> </a></td><td>劳动卫生 (职业病) 研究所</td></tr><tr><td style=\"white-space:nowrap\">M632<a name=\"healthcareinstitutionstype-code-system-M632\"> </a></td><td>营养与食品卫生研究所</td></tr><tr><td style=\"white-space:nowrap\">M633<a name=\"healthcareinstitutionstype-code-system-M633\"> </a></td><td>儿少卫生研究所</td></tr><tr><td style=\"white-space:nowrap\">M634<a name=\"healthcareinstitutionstype-code-system-M634\"> </a></td><td>医学信息研究所</td></tr><tr><td style=\"white-space:nowrap\">M649<a name=\"healthcareinstitutionstype-code-system-M649\"> </a></td><td>其他医学专科研究所</td></tr><tr><td style=\"white-space:nowrap\">M700<a name=\"healthcareinstitutionstype-code-system-M700\"> </a></td><td>药学研究所</td></tr><tr><td style=\"white-space:nowrap\">N110<a name=\"healthcareinstitutionstype-code-system-N110\"> </a></td><td>医学普通高等学校</td></tr><tr><td style=\"white-space:nowrap\">N111<a name=\"healthcareinstitutionstype-code-system-N111\"> </a></td><td>医学院</td></tr><tr><td style=\"white-space:nowrap\">N112<a name=\"healthcareinstitutionstype-code-system-N112\"> </a></td><td>中医 (药) 学院</td></tr><tr><td style=\"white-space:nowrap\">N113<a name=\"healthcareinstitutionstype-code-system-N113\"> </a></td><td>民族医 (药) 学院</td></tr><tr><td style=\"white-space:nowrap\">N119<a name=\"healthcareinstitutionstype-code-system-N119\"> </a></td><td>其他医学普通高等学校</td></tr><tr><td style=\"white-space:nowrap\">N120<a name=\"healthcareinstitutionstype-code-system-N120\"> </a></td><td>医学普通中等专业学校</td></tr><tr><td style=\"white-space:nowrap\">N121<a name=\"healthcareinstitutionstype-code-system-N121\"> </a></td><td>卫生学校</td></tr><tr><td style=\"white-space:nowrap\">N122<a name=\"healthcareinstitutionstype-code-system-N122\"> </a></td><td>中医 (药) 学校</td></tr><tr><td style=\"white-space:nowrap\">N123<a name=\"healthcareinstitutionstype-code-system-N123\"> </a></td><td>民族医 (药) 学校</td></tr><tr><td style=\"white-space:nowrap\">N124<a name=\"healthcareinstitutionstype-code-system-N124\"> </a></td><td>护士学校</td></tr><tr><td style=\"white-space:nowrap\">N210<a name=\"healthcareinstitutionstype-code-system-N210\"> </a></td><td>医学成人高等学校</td></tr><tr><td style=\"white-space:nowrap\">N211<a name=\"healthcareinstitutionstype-code-system-N211\"> </a></td><td>职工医学院</td></tr><tr><td style=\"white-space:nowrap\">N212<a name=\"healthcareinstitutionstype-code-system-N212\"> </a></td><td>卫生管理干都学院</td></tr><tr><td style=\"white-space:nowrap\">N219<a name=\"healthcareinstitutionstype-code-system-N219\"> </a></td><td>其他医学成人高等学校</td></tr><tr><td style=\"white-space:nowrap\">N220<a name=\"healthcareinstitutionstype-code-system-N220\"> </a></td><td>医学成人中等学校</td></tr><tr><td style=\"white-space:nowrap\">N221<a name=\"healthcareinstitutionstype-code-system-N221\"> </a></td><td>卫生职业 (工) 中等专业学校</td></tr><tr><td style=\"white-space:nowrap\">N222<a name=\"healthcareinstitutionstype-code-system-N222\"> </a></td><td>中医 (药) 职业中等专业学校</td></tr><tr><td style=\"white-space:nowrap\">N223<a name=\"healthcareinstitutionstype-code-system-N223\"> </a></td><td>卫生进修学校</td></tr><tr><td style=\"white-space:nowrap\">N229<a name=\"healthcareinstitutionstype-code-system-N229\"> </a></td><td>其他医学成人中等学校</td></tr><tr><td style=\"white-space:nowrap\">N300<a name=\"healthcareinstitutionstype-code-system-N300\"> </a></td><td>医学在职培训机构</td></tr><tr><td style=\"white-space:nowrap\">O100<a name=\"healthcareinstitutionstype-code-system-O100\"> </a></td><td>健康教育所</td></tr><tr><td style=\"white-space:nowrap\">O200<a name=\"healthcareinstitutionstype-code-system-O200\"> </a></td><td>健康教育站 (中心)</td></tr><tr><td style=\"white-space:nowrap\">P110<a name=\"healthcareinstitutionstype-code-system-P110\"> </a></td><td>临床检验中心</td></tr><tr><td style=\"white-space:nowrap\">P120<a name=\"healthcareinstitutionstype-code-system-P120\"> </a></td><td>临床检验所(站)</td></tr><tr><td style=\"white-space:nowrap\">P210<a name=\"healthcareinstitutionstype-code-system-P210\"> </a></td><td>卫生图书出版社</td></tr><tr><td style=\"white-space:nowrap\">P220<a name=\"healthcareinstitutionstype-code-system-P220\"> </a></td><td>卫生报纸出版社</td></tr><tr><td style=\"white-space:nowrap\">P230<a name=\"healthcareinstitutionstype-code-system-P230\"> </a></td><td>卫生杂志社</td></tr><tr><td style=\"white-space:nowrap\">P290<a name=\"healthcareinstitutionstype-code-system-P290\"> </a></td><td>其他卫生新闻出版社</td></tr><tr><td style=\"white-space:nowrap\">P911<a name=\"healthcareinstitutionstype-code-system-P911\"> </a></td><td>精神病收容所</td></tr><tr><td style=\"white-space:nowrap\">P912<a name=\"healthcareinstitutionstype-code-system-P912\"> </a></td><td>麻风村</td></tr><tr><td style=\"white-space:nowrap\">P913<a name=\"healthcareinstitutionstype-code-system-P913\"> </a></td><td>卫生消毒站</td></tr><tr><td style=\"white-space:nowrap\">P914<a name=\"healthcareinstitutionstype-code-system-P914\"> </a></td><td>乡防保组</td></tr><tr><td style=\"white-space:nowrap\">P915<a name=\"healthcareinstitutionstype-code-system-P915\"> </a></td><td>农村改水中心</td></tr><tr><td style=\"white-space:nowrap\">P916<a name=\"healthcareinstitutionstype-code-system-P916\"> </a></td><td>计划生育技术服务中心(站)</td></tr><tr><td style=\"white-space:nowrap\">P917<a name=\"healthcareinstitutionstype-code-system-P917\"> </a></td><td>卫生机关服务中心</td></tr><tr><td style=\"white-space:nowrap\">P918<a name=\"healthcareinstitutionstype-code-system-P918\"> </a></td><td>卫生统计信息中心</td></tr><tr><td style=\"white-space:nowrap\">P919<a name=\"healthcareinstitutionstype-code-system-P919\"> </a></td><td>医学考试中心</td></tr><tr><td style=\"white-space:nowrap\">P921<a name=\"healthcareinstitutionstype-code-system-P921\"> </a></td><td>医学科技交流中心</td></tr><tr><td style=\"white-space:nowrap\">P939<a name=\"healthcareinstitutionstype-code-system-P939\"> </a></td><td>其他</td></tr><tr><td style=\"white-space:nowrap\">Q100<a name=\"healthcareinstitutionstype-code-system-Q100\"> </a></td><td>红十字会</td></tr><tr><td style=\"white-space:nowrap\">Q200<a name=\"healthcareinstitutionstype-code-system-Q200\"> </a></td><td>医学会</td></tr><tr><td style=\"white-space:nowrap\">Q300<a name=\"healthcareinstitutionstype-code-system-Q300\"> </a></td><td>卫生协会</td></tr><tr><td style=\"white-space:nowrap\">Q311<a name=\"healthcareinstitutionstype-code-system-Q311\"> </a></td><td>输血协会</td></tr><tr><td style=\"white-space:nowrap\">Q312<a name=\"healthcareinstitutionstype-code-system-Q312\"> </a></td><td>医师协会</td></tr><tr><td style=\"white-space:nowrap\">Q339<a name=\"healthcareinstitutionstype-code-system-Q339\"> </a></td><td>其他卫生协会</td></tr><tr><td style=\"white-space:nowrap\">Q900<a name=\"healthcareinstitutionstype-code-system-Q900\"> </a></td><td>其他卫生社会团体</td></tr></table></div>"
  },
  "url" : "http://fhir.cq.hc/CodeSystem/healthcareinstitutionstype-code-system",
  "version" : "0.1.0",
  "name" : "HealthcareInstitutionsTypeCS",
  "title" : "卫生机构（组织）分类与代码",
  "status" : "active",
  "experimental" : false,
  "date" : "2024-12-26T11:32:52+08:00",
  "publisher" : "重庆市卫生健康统计信息中心",
  "contact" : [{
    "name" : "重庆市卫生健康统计信息中心",
    "telecom" : [{
      "system" : "url",
      "value" : "http://www.cqshic.com"
    }]
  }],
  "description" : "行业标准WS 218-2002 卫生机构（组织）分类与代码,不适用1、2级码，仅使用第三级代码",
  "caseSensitive" : true,
  "content" : "complete",
  "count" : 182,
  "concept" : [{
    "code" : "A100",
    "display" : "综合医院"
  },
  {
    "code" : "A210",
    "display" : "中医 (综合) 医院"
  },
  {
    "code" : "A220",
    "display" : "中医专科医院"
  },
  {
    "code" : "A221",
    "display" : "肛肠医院"
  },
  {
    "code" : "A222",
    "display" : "骨伤医院"
  },
  {
    "code" : "A223",
    "display" : "针炙医院"
  },
  {
    "code" : "A224",
    "display" : "按摩医院"
  },
  {
    "code" : "A229",
    "display" : "其他中医专科医院"
  },
  {
    "code" : "A300",
    "display" : "中西医结合医院"
  },
  {
    "code" : "A411",
    "display" : "蒙医院"
  },
  {
    "code" : "A412",
    "display" : "藏医院"
  },
  {
    "code" : "A413",
    "display" : "维医院"
  },
  {
    "code" : "A414",
    "display" : "傣医院"
  },
  {
    "code" : "A419",
    "display" : "其他民族医院"
  },
  {
    "code" : "A511",
    "display" : "口腔医院"
  },
  {
    "code" : "A512",
    "display" : "眼科医院"
  },
  {
    "code" : "A513",
    "display" : "耳鼻喉科医院"
  },
  {
    "code" : "A514",
    "display" : "肿瘤医院"
  },
  {
    "code" : "A515",
    "display" : "心血管病医院"
  },
  {
    "code" : "A516",
    "display" : "胸科医院"
  },
  {
    "code" : "A517",
    "display" : "血液病医院"
  },
  {
    "code" : "A518",
    "display" : "妇产 (科) 医院"
  },
  {
    "code" : "A519",
    "display" : "儿童医院"
  },
  {
    "code" : "A520",
    "display" : "精神病医院"
  },
  {
    "code" : "A521",
    "display" : "传染病医院"
  },
  {
    "code" : "A522",
    "display" : "皮肤病医院"
  },
  {
    "code" : "A523",
    "display" : "结核病医院"
  },
  {
    "code" : "A524",
    "display" : "麻风病医院"
  },
  {
    "code" : "A525",
    "display" : "职业病医院"
  },
  {
    "code" : "A526",
    "display" : "骨科医院"
  },
  {
    "code" : "A527",
    "display" : "康复医院"
  },
  {
    "code" : "A528",
    "display" : "整形外科医院"
  },
  {
    "code" : "A529",
    "display" : "美容医院"
  },
  {
    "code" : "A539",
    "display" : "其他专科医院"
  },
  {
    "code" : "A600",
    "display" : "疗养院"
  },
  {
    "code" : "A710",
    "display" : "护理院"
  },
  {
    "code" : "A720",
    "display" : "护理站"
  },
  {
    "code" : "B100",
    "display" : "社区卫生服务中心"
  },
  {
    "code" : "B200",
    "display" : "社区卫生服务站"
  },
  {
    "code" : "C100",
    "display" : "街道卫生院"
  },
  {
    "code" : "C210",
    "display" : "中心卫生院"
  },
  {
    "code" : "C220",
    "display" : "乡卫生院"
  },
  {
    "code" : "D110",
    "display" : "综合门诊部"
  },
  {
    "code" : "D120",
    "display" : "中医门诊部"
  },
  {
    "code" : "D121",
    "display" : "中医 (综合) 门诊部"
  },
  {
    "code" : "D122",
    "display" : "中医专科门诊部"
  },
  {
    "code" : "D130",
    "display" : "中西医结合门诊部"
  },
  {
    "code" : "D140",
    "display" : "民族医门诊部"
  },
  {
    "code" : "D150",
    "display" : "专科门诊部"
  },
  {
    "code" : "D151",
    "display" : "普通专科门诊部"
  },
  {
    "code" : "D152",
    "display" : "口腔门诊部"
  },
  {
    "code" : "D153",
    "display" : "眼科门诊部"
  },
  {
    "code" : "D154",
    "display" : "医疗美容门诊部"
  },
  {
    "code" : "D155",
    "display" : "精神卫生门诊部"
  },
  {
    "code" : "D159",
    "display" : "其他专科门诊部"
  },
  {
    "code" : "D211",
    "display" : "普通诊所"
  },
  {
    "code" : "D212",
    "display" : "中医诊所"
  },
  {
    "code" : "D213",
    "display" : "中西医结合诊所"
  },
  {
    "code" : "D214",
    "display" : "民族医诊所"
  },
  {
    "code" : "D215",
    "display" : "口腔诊所"
  },
  {
    "code" : "D216",
    "display" : "医疗美容诊所"
  },
  {
    "code" : "D217",
    "display" : "精神卫生诊所"
  },
  {
    "code" : "D229",
    "display" : "其他诊所"
  },
  {
    "code" : "D300",
    "display" : "卫生所 (室)"
  },
  {
    "code" : "D400",
    "display" : "医务室"
  },
  {
    "code" : "D500",
    "display" : "中小学卫生保健所"
  },
  {
    "code" : "D600",
    "display" : "村卫生室"
  },
  {
    "code" : "E100",
    "display" : "急救中心"
  },
  {
    "code" : "E200",
    "display" : "急救中心站"
  },
  {
    "code" : "E300",
    "display" : "急救站"
  },
  {
    "code" : "F110",
    "display" : "血液中心"
  },
  {
    "code" : "F120",
    "display" : "中心血站"
  },
  {
    "code" : "F130",
    "display" : "基层血站、中心血库"
  },
  {
    "code" : "F200",
    "display" : "单采血浆站"
  },
  {
    "code" : "G100",
    "display" : "妇幼保健院"
  },
  {
    "code" : "G200",
    "display" : "妇幼保健所"
  },
  {
    "code" : "G300",
    "display" : "妇幼保健站"
  },
  {
    "code" : "G400",
    "display" : "生殖保健中心"
  },
  {
    "code" : "H111",
    "display" : "传染病防治院"
  },
  {
    "code" : "H112",
    "display" : "结核病防治院"
  },
  {
    "code" : "H113",
    "display" : "职业病防治院"
  },
  {
    "code" : "H119",
    "display" : "其他专科疾病防治院"
  },
  {
    "code" : "H211",
    "display" : "口腔病防治所 (站、中心)"
  },
  {
    "code" : "H212",
    "display" : "精神病防治所 (站、中心)"
  },
  {
    "code" : "H213",
    "display" : "皮肤病防治所 (站、中心)"
  },
  {
    "code" : "H214",
    "display" : "结核病防治所 (站、中心)"
  },
  {
    "code" : "H215",
    "display" : "麻风病防治所 (站、中心)"
  },
  {
    "code" : "H216",
    "display" : "职业病防治所 (站、中心)"
  },
  {
    "code" : "H217",
    "display" : "寄生虫病防治所 (站、中心)"
  },
  {
    "code" : "H218",
    "display" : "地方病防治所 (站、中心)"
  },
  {
    "code" : "H219",
    "display" : "血吸虫病防治所 (站、中心)"
  },
  {
    "code" : "H220",
    "display" : "药物戒毒所 (中心)"
  },
  {
    "code" : "H229",
    "display" : "其他专科疾病防治所 (站、中心)"
  },
  {
    "code" : "J100",
    "display" : "疾病预防控制中心"
  },
  {
    "code" : "J200",
    "display" : "卫生防疫站"
  },
  {
    "code" : "J300",
    "display" : "卫生防病中心"
  },
  {
    "code" : "J400",
    "display" : "预防保健中心"
  },
  {
    "code" : "K100",
    "display" : "卫生监督所 (局)"
  },
  {
    "code" : "L100",
    "display" : "卫生 (综合) 监督检验 (监测、检测) 所 (站)"
  },
  {
    "code" : "L200",
    "display" : "环境卫生监督检验 (监测、检测) 所 (站)"
  },
  {
    "code" : "L300",
    "display" : "放射卫生监督检验 (监、检测) 所 (站)"
  },
  {
    "code" : "L400",
    "display" : "劳动 (职业、工业) 卫生监督检验 (监测、检测) 所 (站)"
  },
  {
    "code" : "L500",
    "display" : "食品卫生监督检验 (监测、检测) 所 (站)"
  },
  {
    "code" : "L600",
    "display" : "学校卫生监督检验 (监测、检测) 所 (站)"
  },
  {
    "code" : "L900",
    "display" : "其他卫生监督检验 (监测、检测) 所 (站)"
  },
  {
    "code" : "M100",
    "display" : "医学科学 (研究) 院 (所)"
  },
  {
    "code" : "M200",
    "display" : "预防医学研究院 (所)"
  },
  {
    "code" : "M300",
    "display" : "中医 (药) 研究院 (所)"
  },
  {
    "code" : "M400",
    "display" : "中西医结合研究所"
  },
  {
    "code" : "M500",
    "display" : "民族医 (药) 学研究所"
  },
  {
    "code" : "M611",
    "display" : "基础医学研究所"
  },
  {
    "code" : "M612",
    "display" : "病毒学研究所"
  },
  {
    "code" : "M613",
    "display" : "老年医学研究所"
  },
  {
    "code" : "M614",
    "display" : "肿瘤 (防治) 研究所"
  },
  {
    "code" : "M615",
    "display" : "心血管病研究所"
  },
  {
    "code" : "M616",
    "display" : "血液学研究所"
  },
  {
    "code" : "M617",
    "display" : "整形外科研究所"
  },
  {
    "code" : "M618",
    "display" : "精神卫生研究所"
  },
  {
    "code" : "M619",
    "display" : "放射医学研究所"
  },
  {
    "code" : "M620",
    "display" : "医学生物学研究所"
  },
  {
    "code" : "M621",
    "display" : "生物医学工程研究所"
  },
  {
    "code" : "M622",
    "display" : "实验动物研究所"
  },
  {
    "code" : "M623",
    "display" : "结核病防治研究所"
  },
  {
    "code" : "M624",
    "display" : "皮肤病与性病防治研究所"
  },
  {
    "code" : "M625",
    "display" : "寄生虫病防治研究所"
  },
  {
    "code" : "M626",
    "display" : "地方病防治研究所"
  },
  {
    "code" : "M627",
    "display" : "血吸虫病防治研究所"
  },
  {
    "code" : "M628",
    "display" : "流行病学研究所"
  },
  {
    "code" : "M629",
    "display" : "医学微生物学研究所"
  },
  {
    "code" : "M630",
    "display" : "环境卫生研究所"
  },
  {
    "code" : "M631",
    "display" : "劳动卫生 (职业病) 研究所"
  },
  {
    "code" : "M632",
    "display" : "营养与食品卫生研究所"
  },
  {
    "code" : "M633",
    "display" : "儿少卫生研究所"
  },
  {
    "code" : "M634",
    "display" : "医学信息研究所"
  },
  {
    "code" : "M649",
    "display" : "其他医学专科研究所"
  },
  {
    "code" : "M700",
    "display" : "药学研究所"
  },
  {
    "code" : "N110",
    "display" : "医学普通高等学校"
  },
  {
    "code" : "N111",
    "display" : "医学院"
  },
  {
    "code" : "N112",
    "display" : "中医 (药) 学院"
  },
  {
    "code" : "N113",
    "display" : "民族医 (药) 学院"
  },
  {
    "code" : "N119",
    "display" : "其他医学普通高等学校"
  },
  {
    "code" : "N120",
    "display" : "医学普通中等专业学校"
  },
  {
    "code" : "N121",
    "display" : "卫生学校"
  },
  {
    "code" : "N122",
    "display" : "中医 (药) 学校"
  },
  {
    "code" : "N123",
    "display" : "民族医 (药) 学校"
  },
  {
    "code" : "N124",
    "display" : "护士学校"
  },
  {
    "code" : "N210",
    "display" : "医学成人高等学校"
  },
  {
    "code" : "N211",
    "display" : "职工医学院"
  },
  {
    "code" : "N212",
    "display" : "卫生管理干都学院"
  },
  {
    "code" : "N219",
    "display" : "其他医学成人高等学校"
  },
  {
    "code" : "N220",
    "display" : "医学成人中等学校"
  },
  {
    "code" : "N221",
    "display" : "卫生职业 (工) 中等专业学校"
  },
  {
    "code" : "N222",
    "display" : "中医 (药) 职业中等专业学校"
  },
  {
    "code" : "N223",
    "display" : "卫生进修学校"
  },
  {
    "code" : "N229",
    "display" : "其他医学成人中等学校"
  },
  {
    "code" : "N300",
    "display" : "医学在职培训机构"
  },
  {
    "code" : "O100",
    "display" : "健康教育所"
  },
  {
    "code" : "O200",
    "display" : "健康教育站 (中心)"
  },
  {
    "code" : "P110",
    "display" : "临床检验中心"
  },
  {
    "code" : "P120",
    "display" : "临床检验所(站)"
  },
  {
    "code" : "P210",
    "display" : "卫生图书出版社"
  },
  {
    "code" : "P220",
    "display" : "卫生报纸出版社"
  },
  {
    "code" : "P230",
    "display" : "卫生杂志社"
  },
  {
    "code" : "P290",
    "display" : "其他卫生新闻出版社"
  },
  {
    "code" : "P911",
    "display" : "精神病收容所"
  },
  {
    "code" : "P912",
    "display" : "麻风村"
  },
  {
    "code" : "P913",
    "display" : "卫生消毒站"
  },
  {
    "code" : "P914",
    "display" : "乡防保组"
  },
  {
    "code" : "P915",
    "display" : "农村改水中心"
  },
  {
    "code" : "P916",
    "display" : "计划生育技术服务中心(站)"
  },
  {
    "code" : "P917",
    "display" : "卫生机关服务中心"
  },
  {
    "code" : "P918",
    "display" : "卫生统计信息中心"
  },
  {
    "code" : "P919",
    "display" : "医学考试中心"
  },
  {
    "code" : "P921",
    "display" : "医学科技交流中心"
  },
  {
    "code" : "P939",
    "display" : "其他"
  },
  {
    "code" : "Q100",
    "display" : "红十字会"
  },
  {
    "code" : "Q200",
    "display" : "医学会"
  },
  {
    "code" : "Q300",
    "display" : "卫生协会"
  },
  {
    "code" : "Q311",
    "display" : "输血协会"
  },
  {
    "code" : "Q312",
    "display" : "医师协会"
  },
  {
    "code" : "Q339",
    "display" : "其他卫生协会"
  },
  {
    "code" : "Q900",
    "display" : "其他卫生社会团体"
  }]
}