<?xml version="1.0" encoding="UTF-8"?>

<Organization xmlns="http://hl7.org/fhir">
  <id value="ChangningFengxiaoDistrictCentralHospital"/>
  <meta>
    <profile value="http://fhir.cq.hc/StructureDefinition/hc-healthcare-organization|0.1.5"/>
  </meta>
  <text>
    <status value="extensions"/><div xmlns="http://www.w3.org/1999/xhtml"><p class="res-header-id"><b>Generated Narrative: Organization ChangningFengxiaoDistrictCentralHospital</b></p><a name="ChangningFengxiaoDistrictCentralHospital"> </a><a name="hcChangningFengxiaoDistrictCentralHospital"> </a><div style="display: inline-block; background-color: #d9e0e7; padding: 6px; margin: 4px; border: 1px solid #8da1b4; border-radius: 5px; line-height: 60%"><p style="margin-bottom: 0px"/><p style="margin-bottom: 0px">Profile: <a href="StructureDefinition-hc-healthcare-organization.html">卫生机构主数据version: null0.1.6)</a></p></div><p><b>行政区划(区县)</b>: <a href="CodeSystem-cq-administrativedivision-code-system.html#cq-administrativedivision-code-system-500105">重庆区级行政区划代码 500105</a>: 江北区</p><p><b>行政区划(街道)</b>: <a href="CodeSystem-cq-streetdivision-code-system.html#cq-streetdivision-code-system-500105011">重庆（乡镇街道级）行政区划代码 500105011</a>: 石马河街道</p><p><b>卫生机构（组织）分类</b>: <a href="CodeSystem-healthcareinstitutionstype-code-system.html#healthcareinstitutionstype-code-system-A100">卫生机构（组织）分类与代码 A100</a>: 综合医院</p><p><b>中国医院三级评审等级</b>: <a href="CodeSystem-cn-hospitalleve-code-system.html#cn-hospitalleve-code-system-2">中国医院三级评审等级代码 2</a>: 三级甲等</p><p><b>经济类型分类</b>: <a href="CodeSystem-nationaleconomicindustryclassification-code-system.html#nationaleconomicindustryclassification-code-system-110">经济类型分类代码 110</a>: 国有全资</p><p><b>医院管理类型</b>: <a href="CodeSystem-cn-hospitalnanagementtype-code-system.html#cn-hospitalnanagementtype-code-system-1">医院管理类型代码 1</a>: 非营利性医疗机构</p><blockquote><p><b>次要组织机构信息</b></p><ul><li>secondaryType: <a href="CodeSystem-healthcareinstitutionstype-code-system.html#healthcareinstitutionstype-code-system-E100">卫生机构（组织）分类与代码 E100</a>: 急救中心</li><li>secondaryName: 长宁市急救中心</li></ul></blockquote><p><b>上级监管机构</b>: 重庆市渝中区卫生健康委员会 (Identifier: 机构主索引号码/1638748745645060)</p><p><b>机构运营状态</b>: <a href="CodeSystem-operatingstatus-code-system.html#operatingstatus-code-system-0">机构运营状态代码 0</a>: 开业</p><p><b>identifier</b>: 医疗机构执业许可证登记号/PRN561106-211311 (use: official, period: 2022-02-07 --&gt; 2027-02-07), 卫生机构（组织）代码/PRN561106-2113118450-1 (use: official, ), 机构主索引号码/82783739457838954 (use: official, ), 统一社会信用代码/12330000470051726F (use: official, )</p><p><b>active</b>: true</p><p><b>type</b>: <span title="Codes:{http://fhir.cq.hc/CodeSystem/organizationtype-code-system 121}">事业单位法人</span></p><p><b>name</b>: 长宁市奉孝区中心医院</p><p><b>telecom</b>: <a href="tel:+86-23-65100171">+86-23-65100171</a>, <a href="mailto:abc@cnu.org">abc@cnu.org</a>, <a href="https://abc.bj.org.cn">https://abc.bj.org.cn</a></p><p><b>address</b>: XX省长宁市奉孝区健康路1号 400210 (work)</p><h3>Contacts</h3><table class="grid"><tr><td style="display: none">-</td><td><b>Purpose</b></td><td><b>Name</b></td><td><b>Telecom</b></td></tr><tr><td style="display: none">*</td><td><span title="Codes:{http://fhir.cq.hc/CodeSystem/contactortype-code-system RES}">负责人</span></td><td>张无忌</td><td><a href="tel:+86-18502032240">+86-18502032240</a></td></tr></table></div>
  </text>
  <extension url="http://fhir.cq.hc/StructureDefinition/hc-mdm-administrativedivision">
    <valueCoding>
      <system value="http://fhir.cq.hc/CodeSystem/cq-administrativedivision-code-system"/>
      <code value="500105"/>
      <display value="江北区"/>
    </valueCoding>
  </extension>
  <extension url="http://fhir.cq.hc/StructureDefinition/hc-mdm-streetdivision">
    <valueCoding>
      <system value="http://fhir.cq.hc/CodeSystem/cq-streetdivision-code-system"/>
      <code value="500105011"/>
      <display value="石马河街道"/>
    </valueCoding>
  </extension>
  <extension url="http://fhir.cq.hc/StructureDefinition/hc-mdm-healthcareinstitutionstype">
    <valueCoding>
      <system value="http://fhir.cq.hc/CodeSystem/healthcareinstitutionstype-code-system"/>
      <code value="A100"/>
      <display value="综合医院"/>
    </valueCoding>
  </extension>
  <extension url="http://fhir.cq.hc/StructureDefinition/hc-mdm-hospitallevel">
    <valueCoding>
      <system value="http://fhir.cq.hc/CodeSystem/cn-hospitalleve-code-system"/>
      <code value="2"/>
      <display value="三级甲等"/>
    </valueCoding>
  </extension>
  <extension url="http://fhir.cq.hc/StructureDefinition/hc-mdm-economicindustryclassification">
    <valueCoding>
      <system value="http://fhir.cq.hc/CodeSystem/nationaleconomicindustryclassification-code-system"/>
      <code value="110"/>
      <display value="国有全资"/>
    </valueCoding>
  </extension>
  <extension url="http://fhir.cq.hc/StructureDefinition/hc-mdm-hospitalmanagementype">
    <valueCoding>
      <system value="http://fhir.cq.hc/CodeSystem/cn-hospitalnanagementtype-code-system"/>
      <code value="1"/>
      <display value="非营利性医疗机构"/>
    </valueCoding>
  </extension>
  <extension url="http://fhir.cq.hc/StructureDefinition/hc-mdm-secondaryhealthcareinstitutionsinfo">
    <extension url="secondaryType">
      <valueCoding>
        <system value="http://fhir.cq.hc/CodeSystem/healthcareinstitutionstype-code-system"/>
        <code value="E100"/>
        <display value="急救中心"/>
      </valueCoding>
    </extension>
    <extension url="secondaryName">
      <valueString value="长宁市急救中心"/>
    </extension>
  </extension>
  <extension url="http://fhir.cq.hc/StructureDefinition/hc-mdm-supervisedby">
    <valueReference>
      <type value="Organization"/>
      <identifier>
        <type>
          <coding>
            <system value="http://fhir.cq.hc/CodeSystem/identifierType-code-system"/>
            <code value="MOI"/>
            <display value="机构主索引号码"/>
          </coding>
        </type>
        <value value="1638748745645060"/>
      </identifier>
      <display value="重庆市渝中区卫生健康委员会"/>
    </valueReference>
  </extension>
  <extension url="http://fhir.cq.hc/StructureDefinition/hc-mdm-operatingstatus">
    <valueCoding>
      <system value="http://fhir.cq.hc/CodeSystem/operatingstatus-code-system"/>
      <code value="0"/>
      <display value="开业"/>
    </valueCoding>
  </extension>
  <identifier>
    <use value="official"/>
    <type>
      <coding>
        <system value="http://fhir.cq.hc/CodeSystem/identifierType-code-system"/>
        <code value="MIPLRN"/>
        <display value="医疗机构执业许可证登记号"/>
      </coding>
    </type>
    <value value="PRN561106-211311"/>
    <period>
      <start value="2022-02-07"/>
      <end value="2027-02-07"/>
    </period>
  </identifier>
  <identifier>
    <use value="official"/>
    <type>
      <coding>
        <system value="http://fhir.cq.hc/CodeSystem/identifierType-code-system"/>
        <code value="HCOC"/>
        <display value="卫生机构（组织）代码"/>
      </coding>
    </type>
    <value value="PRN561106-2113118450-1"/>
  </identifier>
  <identifier>
    <use value="official"/>
    <type>
      <coding>
        <system value="http://fhir.cq.hc/CodeSystem/identifierType-code-system"/>
        <code value="MOI"/>
        <display value="机构主索引号码"/>
      </coding>
    </type>
    <value value="82783739457838954"/>
  </identifier>
  <identifier>
    <use value="official"/>
    <type>
      <coding>
        <system value="http://fhir.cq.hc/CodeSystem/identifierType-code-system"/>
        <code value="USCC"/>
        <display value="统一社会信用代码"/>
      </coding>
    </type>
    <value value="12330000470051726F"/>
  </identifier>
  <active value="true"/>
  <type>
    <coding>
      <system value="http://fhir.cq.hc/CodeSystem/organizationtype-code-system"/>
      <code value="121"/>
      <display value="事业单位法人"/>
    </coding>
  </type>
  <name value="长宁市奉孝区中心医院"/>
  <telecom>
    <system value="phone"/>
    <value value="+86-23-65100171"/>
    <use value="work"/>
  </telecom>
  <telecom>
    <system value="email"/>
    <value value="abc@cnu.org"/>
    <use value="work"/>
  </telecom>
  <telecom>
    <system value="url"/>
    <value value="https://abc.bj.org.cn"/>
    <use value="work"/>
  </telecom>
  <address>
    <extension url="http://fhir.cq.hc/StructureDefinition/hc-mdm-organizationggis">
      <extension url="longitude">
        <valueDecimal value="106.55"/>
      </extension>
      <extension url="latitude">
        <valueDecimal value="29.55"/>
      </extension>
    </extension>
    <use value="work"/>
    <type value="physical"/>
    <line value="XX省长宁市奉孝区健康路1号"/>
    <postalCode value="400210"/>
  </address>
  <contact>
    <purpose>
      <coding>
        <system value="http://fhir.cq.hc/CodeSystem/contactortype-code-system"/>
        <code value="RES"/>
      </coding>
    </purpose>
    <name>
      <text value="张无忌"/>
    </name>
    <telecom>
      <system value="phone"/>
      <value value="+86-18502032240"/>
      <use value="work"/>
    </telecom>
  </contact>
</Organization>