{
  "resourceType" : "Organization",
  "id" : "ChongqingYuzhongHealthCommission",
  "meta" : {
    "profile" : ["http://fhir.cq.hc/StructureDefinition/hc-mdm-organization|0.1.4"]
  },
  "text" : {
    "status" : "extensions",
    "div" : "<div xmlns=\"http://www.w3.org/1999/xhtml\"><p class=\"res-header-id\"><b>Generated Narrative: Organization ChongqingYuzhongHealthCommission</b></p><a name=\"ChongqingYuzhongHealthCommission\"> </a><a name=\"hcChongqingYuzhongHealthCommission\"> </a><a name=\"ChongqingYuzhongHealthCommission-en-US\"> </a><div style=\"display: inline-block; background-color: #d9e0e7; padding: 6px; margin: 4px; border: 1px solid #8da1b4; border-radius: 5px; line-height: 60%\"><p style=\"margin-bottom: 0px\"/><p style=\"margin-bottom: 0px\">Profile: <a href=\"StructureDefinition-hc-mdm-organization.html\">组织机构主数据version: null0.1.4)</a></p></div><p><b>行政区划(区县)</b>: <a href=\"CodeSystem-cq-administrativedivision-code-system.html#cq-administrativedivision-code-system-500103\">重庆区级行政区划代码 500103</a>: 渝中区</p><p><b>行政区划(街道)</b>: <a href=\"CodeSystem-cq-streetdivision-code-system.html#cq-streetdivision-code-system-500103001\">重庆（乡镇街道级）行政区划代码 500103001</a>: 七星岗街道</p><p><b>上级监管机构</b>: 重庆市卫生健康委员会 (Identifier: 机构主索引号码/82783739457838954)</p><p><b>机构运营状态</b>: <a href=\"CodeSystem-operatingstatus-code-system.html#operatingstatus-code-system-0\">机构运营状态代码 0</a>: 开业</p><p><b>identifier</b>: 机构主索引号码/1638748745645060\u00a0(use:\u00a0official,\u00a0), 统一社会信用代码/11500103MB1849823N\u00a0(use:\u00a0official,\u00a0)</p><p><b>active</b>: true</p><p><b>type</b>: <span title=\"Codes:{http://fhir.cq.hc/CodeSystem/organizationtype-code-system 121}\">事业单位法人</span></p><p><b>name</b>: 重庆市渝中区卫生健康委员会</p><p><b>telecom</b>: <a href=\"tel:+86-23-63765146\">+86-23-63765146</a>, <a href=\"mailto:yzqwsj@163.com\">yzqwsj@163.com</a>, <a href=\"http://www.cqyz.gov.cn/bm_229/qwsjkw/zwgk_97157/\">http://www.cqyz.gov.cn/bm_229/qwsjkw/zwgk_97157/</a></p><p><b>address</b>: 重庆市渝中区和平路管家巷9号 400010 (work)</p></div>"
  },
  "extension" : [{
    "url" : "http://fhir.cq.hc/StructureDefinition/hc-mdm-administrativedivision",
    "valueCoding" : {
      "system" : "http://fhir.cq.hc/CodeSystem/cq-administrativedivision-code-system",
      "code" : "500103",
      "display" : "渝中区"
    }
  },
  {
    "url" : "http://fhir.cq.hc/StructureDefinition/hc-mdm-streetdivision",
    "valueCoding" : {
      "system" : "http://fhir.cq.hc/CodeSystem/cq-streetdivision-code-system",
      "code" : "500103001",
      "display" : "七星岗街道"
    }
  },
  {
    "url" : "http://fhir.cq.hc/StructureDefinition/hc-mdm-supervisedby",
    "valueReference" : {
      "type" : "Organization",
      "identifier" : {
        "type" : {
          "coding" : [{
            "system" : "http://fhir.cq.hc/CodeSystem/identifierType-code-system",
            "code" : "MOI",
            "display" : "机构主索引号码"
          }]
        },
        "value" : "82783739457838954"
      },
      "display" : "重庆市卫生健康委员会"
    }
  },
  {
    "url" : "http://fhir.cq.hc/StructureDefinition/hc-mdm-operatingstatus",
    "valueCoding" : {
      "system" : "http://fhir.cq.hc/CodeSystem/operatingstatus-code-system",
      "code" : "0",
      "display" : "开业"
    }
  }],
  "identifier" : [{
    "use" : "official",
    "type" : {
      "coding" : [{
        "system" : "http://fhir.cq.hc/CodeSystem/identifierType-code-system",
        "code" : "MOI",
        "display" : "机构主索引号码"
      }]
    },
    "value" : "1638748745645060"
  },
  {
    "use" : "official",
    "type" : {
      "coding" : [{
        "system" : "http://fhir.cq.hc/CodeSystem/identifierType-code-system",
        "code" : "USCC",
        "display" : "统一社会信用代码"
      }]
    },
    "value" : "11500103MB1849823N"
  }],
  "active" : true,
  "type" : [{
    "coding" : [{
      "system" : "http://fhir.cq.hc/CodeSystem/organizationtype-code-system",
      "code" : "121",
      "display" : "事业单位法人"
    }]
  }],
  "name" : "重庆市渝中区卫生健康委员会",
  "telecom" : [{
    "system" : "phone",
    "value" : "+86-23-63765146",
    "use" : "work"
  },
  {
    "system" : "email",
    "value" : "yzqwsj@163.com",
    "use" : "work"
  },
  {
    "system" : "url",
    "value" : "http://www.cqyz.gov.cn/bm_229/qwsjkw/zwgk_97157/",
    "use" : "work"
  }],
  "address" : [{
    "extension" : [{
      "extension" : [{
        "url" : "longitude",
        "valueDecimal" : 106.56887499999993
      },
      {
        "url" : "latitude",
        "valueDecimal" : 29.55277699999998
      }],
      "url" : "http://fhir.cq.hc/StructureDefinition/hc-mdm-organizationggis"
    }],
    "use" : "work",
    "type" : "physical",
    "line" : ["重庆市渝中区和平路管家巷9号"],
    "postalCode" : "400010"
  }]
}