<?xml version="1.0" encoding="UTF-8"?>

<Organization xmlns="http://hl7.org/fhir">
  <id value="ChangningFengxiaoDistrictCentralHospitalBranch"/>
  <meta>
    <profile value="http://fhir.cq.hc/StructureDefinition/hc-healthcare-organization|0.1.4"/>
  </meta>
  <text>
    <status value="extensions"/><div xmlns="http://www.w3.org/1999/xhtml"><p class="res-header-id"><b>Generated Narrative: Organization ChangningFengxiaoDistrictCentralHospitalBranch</b></p><a name="ChangningFengxiaoDistrictCentralHospitalBranch"> </a><a name="hcChangningFengxiaoDistrictCentralHospitalBranch"> </a><a name="ChangningFengxiaoDistrictCentralHospitalBranch-en-US"> </a><div style="display: inline-block; background-color: #d9e0e7; padding: 6px; margin: 4px; border: 1px solid #8da1b4; border-radius: 5px; line-height: 60%"><p style="margin-bottom: 0px"/><p style="margin-bottom: 0px">Profile: <a href="StructureDefinition-hc-healthcare-organization.html">卫生机构主数据version: null0.1.4)</a></p></div><p><b>行政区划(区县)</b>: <a href="CodeSystem-cq-administrativedivision-code-system.html#cq-administrativedivision-code-system-500117">重庆区级行政区划代码 500117</a>: 合川区</p><p><b>行政区划(街道)</b>: <a href="CodeSystem-cq-streetdivision-code-system.html#cq-streetdivision-code-system-500117103">重庆（乡镇街道级）行政区划代码 500117103</a>: 官渡镇</p><p><b>卫生机构（组织）分类</b>: <a href="CodeSystem-healthcareinstitutionstype-code-system.html#healthcareinstitutionstype-code-system-C210">卫生机构（组织）分类与代码 C210</a>: 中心卫生院</p><p><b>中国医院三级评审等级</b>: <a href="CodeSystem-cn-hospitalleve-code-system.html#cn-hospitalleve-code-system-12">中国医院三级评审等级代码 12</a>: 二级未评</p><p><b>经济类型分类</b>: <a href="CodeSystem-nationaleconomicindustryclassification-code-system.html#nationaleconomicindustryclassification-code-system-110">经济类型分类代码 110</a>: 国有全资</p><p><b>医院管理类型</b>: <a href="CodeSystem-cn-hospitalnanagementtype-code-system.html#cn-hospitalnanagementtype-code-system-1">医院管理类型代码 1</a>: 非营利性医疗机构</p><p><b>上级监管机构</b>: 重庆市渝中区卫生健康委员会 (Identifier: 机构主索引号码/1638748745645060)</p><p><b>机构运营状态</b>: <a href="CodeSystem-operatingstatus-code-system.html#operatingstatus-code-system-1">机构运营状态代码 1</a>: 筹建</p><p><b>identifier</b>: 医疗机构执业许可证登记号/54699457698765 (use: official, period: 2023-10-21 --&gt; 2031-10-20), 卫生机构（组织）代码/74085017434152212C2101 (use: official, ), 机构主索引号码/82783739457838954 (use: official, )</p><p><b>active</b>: true</p><p><b>type</b>: <span title="Codes:{http://fhir.cq.hc/CodeSystem/organizationtype-code-system 121}">事业单位法人</span></p><p><b>name</b>: 长宁市奉孝区中心医院龙翔路分院</p><p><b>telecom</b>: <a href="tel:+86-23-65203427">+86-23-65203427</a></p><p><b>address</b>: XX省长宁市奉孝区龙翔路42号 400210 (work)</p><p><b>partOf</b>: <a href="http://example.org/fhir/r4/Organization/2">长宁市奉孝区中心医院</a></p><h3>Contacts</h3><table class="grid"><tr><td style="display: none">-</td><td><b>Purpose</b></td><td><b>Name</b></td><td><b>Telecom</b></td></tr><tr><td style="display: none">*</td><td><span title="Codes:{http://fhir.cq.hc/CodeSystem/contactortype-code-system RES}">负责人</span></td><td>李广利</td><td><a href="tel:+86-18412594521">+86-18412594521</a></td></tr></table></div>
  </text>
  <extension url="http://fhir.cq.hc/StructureDefinition/hc-mdm-administrativedivision">
    <valueCoding>
      <system value="http://fhir.cq.hc/CodeSystem/cq-administrativedivision-code-system"/>
      <code value="500117"/>
      <display value="合川区"/>
    </valueCoding>
  </extension>
  <extension url="http://fhir.cq.hc/StructureDefinition/hc-mdm-streetdivision">
    <valueCoding>
      <system value="http://fhir.cq.hc/CodeSystem/cq-streetdivision-code-system"/>
      <code value="500117103"/>
      <display value="官渡镇"/>
    </valueCoding>
  </extension>
  <extension url="http://fhir.cq.hc/StructureDefinition/hc-mdm-healthcareinstitutionstype">
    <valueCoding>
      <system value="http://fhir.cq.hc/CodeSystem/healthcareinstitutionstype-code-system"/>
      <code value="C210"/>
      <display value="中心卫生院"/>
    </valueCoding>
  </extension>
  <extension url="http://fhir.cq.hc/StructureDefinition/hc-mdm-hospitallevel">
    <valueCoding>
      <system value="http://fhir.cq.hc/CodeSystem/cn-hospitalleve-code-system"/>
      <code value="12"/>
      <display value="二级未评"/>
    </valueCoding>
  </extension>
  <extension url="http://fhir.cq.hc/StructureDefinition/hc-mdm-economicindustryclassification">
    <valueCoding>
      <system value="http://fhir.cq.hc/CodeSystem/nationaleconomicindustryclassification-code-system"/>
      <code value="110"/>
      <display value="国有全资"/>
    </valueCoding>
  </extension>
  <extension url="http://fhir.cq.hc/StructureDefinition/hc-mdm-hospitalmanagementype">
    <valueCoding>
      <system value="http://fhir.cq.hc/CodeSystem/cn-hospitalnanagementtype-code-system"/>
      <code value="1"/>
      <display value="非营利性医疗机构"/>
    </valueCoding>
  </extension>
  <extension url="http://fhir.cq.hc/StructureDefinition/hc-mdm-supervisedby">
    <valueReference>
      <type value="Organization"/>
      <identifier>
        <type>
          <coding>
            <system value="http://fhir.cq.hc/CodeSystem/identifierType-code-system"/>
            <code value="MOI"/>
            <display value="机构主索引号码"/>
          </coding>
        </type>
        <value value="1638748745645060"/>
      </identifier>
      <display value="重庆市渝中区卫生健康委员会"/>
    </valueReference>
  </extension>
  <extension url="http://fhir.cq.hc/StructureDefinition/hc-mdm-operatingstatus">
    <valueCoding>
      <system value="http://fhir.cq.hc/CodeSystem/operatingstatus-code-system"/>
      <code value="1"/>
      <display value="筹建"/>
    </valueCoding>
  </extension>
  <identifier>
    <use value="official"/>
    <type>
      <coding>
        <system value="http://fhir.cq.hc/CodeSystem/identifierType-code-system"/>
        <code value="MIPLRN"/>
        <display value="医疗机构执业许可证登记号"/>
      </coding>
    </type>
    <value value="54699457698765"/>
    <period>
      <start value="2023-10-21"/>
      <end value="2031-10-20"/>
    </period>
  </identifier>
  <identifier>
    <use value="official"/>
    <type>
      <coding>
        <system value="http://fhir.cq.hc/CodeSystem/identifierType-code-system"/>
        <code value="HCOC"/>
        <display value="卫生机构（组织）代码"/>
      </coding>
    </type>
    <value value="74085017434152212C2101"/>
  </identifier>
  <identifier>
    <use value="official"/>
    <type>
      <coding>
        <system value="http://fhir.cq.hc/CodeSystem/identifierType-code-system"/>
        <code value="MOI"/>
        <display value="机构主索引号码"/>
      </coding>
    </type>
    <value value="82783739457838954"/>
  </identifier>
  <active value="true"/>
  <type>
    <coding>
      <system value="http://fhir.cq.hc/CodeSystem/organizationtype-code-system"/>
      <code value="121"/>
      <display value="事业单位法人"/>
    </coding>
  </type>
  <name value="长宁市奉孝区中心医院龙翔路分院"/>
  <telecom>
    <system value="phone"/>
    <value value="+86-23-65203427"/>
    <use value="work"/>
  </telecom>
  <address>
    <extension url="http://fhir.cq.hc/StructureDefinition/hc-mdm-organizationggis">
      <extension url="longitude">
        <valueDecimal value="106.58"/>
      </extension>
      <extension url="latitude">
        <valueDecimal value="29.51"/>
      </extension>
    </extension>
    <use value="work"/>
    <type value="physical"/>
    <line value="XX省长宁市奉孝区龙翔路42号"/>
    <postalCode value="400210"/>
  </address>
  <partOf>
    <reference value="http://example.org/fhir/r4/Organization/2"/>
    <type value="Organization"/>
    <identifier>
      <type>
        <coding>
          <system value="http://fhir.cq.hc/CodeSystem/identifierType-code-system"/>
          <code value="MOI"/>
          <display value="机构主索引号码"/>
        </coding>
      </type>
      <value value="82783739457838954"/>
    </identifier>
    <display value="长宁市奉孝区中心医院"/>
  </partOf>
  <contact>
    <purpose>
      <coding>
        <system value="http://fhir.cq.hc/CodeSystem/contactortype-code-system"/>
        <code value="RES"/>
      </coding>
    </purpose>
    <name>
      <text value="李广利"/>
    </name>
    <telecom>
      <system value="phone"/>
      <value value="+86-18412594521"/>
      <use value="work"/>
    </telecom>
  </contact>
</Organization>