{
  "resourceType" : "Organization",
  "id" : "ChangningFengxiaoDistrictCentralHospitalBranch",
  "meta" : {
    "profile" : ["http://fhir.cq.hc/StructureDefinition/hc-healthcare-organization|0.1.4"]
  },
  "text" : {
    "status" : "extensions",
    "div" : "<div xmlns=\"http://www.w3.org/1999/xhtml\"><p class=\"res-header-id\"><b>Generated Narrative: Organization ChangningFengxiaoDistrictCentralHospitalBranch</b></p><a name=\"ChangningFengxiaoDistrictCentralHospitalBranch\"> </a><a name=\"hcChangningFengxiaoDistrictCentralHospitalBranch\"> </a><a name=\"ChangningFengxiaoDistrictCentralHospitalBranch-en-US\"> </a><div style=\"display: inline-block; background-color: #d9e0e7; padding: 6px; margin: 4px; border: 1px solid #8da1b4; border-radius: 5px; line-height: 60%\"><p style=\"margin-bottom: 0px\"/><p style=\"margin-bottom: 0px\">Profile: <a href=\"StructureDefinition-hc-healthcare-organization.html\">卫生机构主数据version: null0.1.4)</a></p></div><p><b>行政区划(区县)</b>: <a href=\"CodeSystem-cq-administrativedivision-code-system.html#cq-administrativedivision-code-system-500117\">重庆区级行政区划代码 500117</a>: 合川区</p><p><b>行政区划(街道)</b>: <a href=\"CodeSystem-cq-streetdivision-code-system.html#cq-streetdivision-code-system-500117103\">重庆（乡镇街道级）行政区划代码 500117103</a>: 官渡镇</p><p><b>卫生机构（组织）分类</b>: <a href=\"CodeSystem-healthcareinstitutionstype-code-system.html#healthcareinstitutionstype-code-system-C210\">卫生机构（组织）分类与代码 C210</a>: 中心卫生院</p><p><b>中国医院三级评审等级</b>: <a href=\"CodeSystem-cn-hospitalleve-code-system.html#cn-hospitalleve-code-system-12\">中国医院三级评审等级代码 12</a>: 二级未评</p><p><b>经济类型分类</b>: <a href=\"CodeSystem-nationaleconomicindustryclassification-code-system.html#nationaleconomicindustryclassification-code-system-110\">经济类型分类代码 110</a>: 国有全资</p><p><b>医院管理类型</b>: <a href=\"CodeSystem-cn-hospitalnanagementtype-code-system.html#cn-hospitalnanagementtype-code-system-1\">医院管理类型代码 1</a>: 非营利性医疗机构</p><p><b>上级监管机构</b>: 重庆市渝中区卫生健康委员会 (Identifier: 机构主索引号码/1638748745645060)</p><p><b>机构运营状态</b>: <a href=\"CodeSystem-operatingstatus-code-system.html#operatingstatus-code-system-1\">机构运营状态代码 1</a>: 筹建</p><p><b>identifier</b>: 医疗机构执业许可证登记号/54699457698765\u00a0(use:\u00a0official,\u00a0period:\u00a02023-10-21 --&gt; 2031-10-20), 卫生机构（组织）代码/74085017434152212C2101\u00a0(use:\u00a0official,\u00a0), 机构主索引号码/82783739457838954\u00a0(use:\u00a0official,\u00a0)</p><p><b>active</b>: true</p><p><b>type</b>: <span title=\"Codes:{http://fhir.cq.hc/CodeSystem/organizationtype-code-system 121}\">事业单位法人</span></p><p><b>name</b>: 长宁市奉孝区中心医院龙翔路分院</p><p><b>telecom</b>: <a href=\"tel:+86-23-65203427\">+86-23-65203427</a></p><p><b>address</b>: XX省长宁市奉孝区龙翔路42号 400210 (work)</p><p><b>partOf</b>: <a href=\"http://example.org/fhir/r4/Organization/2\">长宁市奉孝区中心医院</a></p><h3>Contacts</h3><table class=\"grid\"><tr><td style=\"display: none\">-</td><td><b>Purpose</b></td><td><b>Name</b></td><td><b>Telecom</b></td></tr><tr><td style=\"display: none\">*</td><td><span title=\"Codes:{http://fhir.cq.hc/CodeSystem/contactortype-code-system RES}\">负责人</span></td><td>李广利</td><td><a href=\"tel:+86-18412594521\">+86-18412594521</a></td></tr></table></div>"
  },
  "extension" : [{
    "url" : "http://fhir.cq.hc/StructureDefinition/hc-mdm-administrativedivision",
    "valueCoding" : {
      "system" : "http://fhir.cq.hc/CodeSystem/cq-administrativedivision-code-system",
      "code" : "500117",
      "display" : "合川区"
    }
  },
  {
    "url" : "http://fhir.cq.hc/StructureDefinition/hc-mdm-streetdivision",
    "valueCoding" : {
      "system" : "http://fhir.cq.hc/CodeSystem/cq-streetdivision-code-system",
      "code" : "500117103",
      "display" : "官渡镇"
    }
  },
  {
    "url" : "http://fhir.cq.hc/StructureDefinition/hc-mdm-healthcareinstitutionstype",
    "valueCoding" : {
      "system" : "http://fhir.cq.hc/CodeSystem/healthcareinstitutionstype-code-system",
      "code" : "C210",
      "display" : "中心卫生院"
    }
  },
  {
    "url" : "http://fhir.cq.hc/StructureDefinition/hc-mdm-hospitallevel",
    "valueCoding" : {
      "system" : "http://fhir.cq.hc/CodeSystem/cn-hospitalleve-code-system",
      "code" : "12",
      "display" : "二级未评"
    }
  },
  {
    "url" : "http://fhir.cq.hc/StructureDefinition/hc-mdm-economicindustryclassification",
    "valueCoding" : {
      "system" : "http://fhir.cq.hc/CodeSystem/nationaleconomicindustryclassification-code-system",
      "code" : "110",
      "display" : "国有全资"
    }
  },
  {
    "url" : "http://fhir.cq.hc/StructureDefinition/hc-mdm-hospitalmanagementype",
    "valueCoding" : {
      "system" : "http://fhir.cq.hc/CodeSystem/cn-hospitalnanagementtype-code-system",
      "code" : "1",
      "display" : "非营利性医疗机构"
    }
  },
  {
    "url" : "http://fhir.cq.hc/StructureDefinition/hc-mdm-supervisedby",
    "valueReference" : {
      "type" : "Organization",
      "identifier" : {
        "type" : {
          "coding" : [{
            "system" : "http://fhir.cq.hc/CodeSystem/identifierType-code-system",
            "code" : "MOI",
            "display" : "机构主索引号码"
          }]
        },
        "value" : "1638748745645060"
      },
      "display" : "重庆市渝中区卫生健康委员会"
    }
  },
  {
    "url" : "http://fhir.cq.hc/StructureDefinition/hc-mdm-operatingstatus",
    "valueCoding" : {
      "system" : "http://fhir.cq.hc/CodeSystem/operatingstatus-code-system",
      "code" : "1",
      "display" : "筹建"
    }
  }],
  "identifier" : [{
    "use" : "official",
    "type" : {
      "coding" : [{
        "system" : "http://fhir.cq.hc/CodeSystem/identifierType-code-system",
        "code" : "MIPLRN",
        "display" : "医疗机构执业许可证登记号"
      }]
    },
    "value" : "54699457698765",
    "period" : {
      "start" : "2023-10-21",
      "end" : "2031-10-20"
    }
  },
  {
    "use" : "official",
    "type" : {
      "coding" : [{
        "system" : "http://fhir.cq.hc/CodeSystem/identifierType-code-system",
        "code" : "HCOC",
        "display" : "卫生机构（组织）代码"
      }]
    },
    "value" : "74085017434152212C2101"
  },
  {
    "use" : "official",
    "type" : {
      "coding" : [{
        "system" : "http://fhir.cq.hc/CodeSystem/identifierType-code-system",
        "code" : "MOI",
        "display" : "机构主索引号码"
      }]
    },
    "value" : "82783739457838954"
  }],
  "active" : true,
  "type" : [{
    "coding" : [{
      "system" : "http://fhir.cq.hc/CodeSystem/organizationtype-code-system",
      "code" : "121",
      "display" : "事业单位法人"
    }]
  }],
  "name" : "长宁市奉孝区中心医院龙翔路分院",
  "telecom" : [{
    "system" : "phone",
    "value" : "+86-23-65203427",
    "use" : "work"
  }],
  "address" : [{
    "extension" : [{
      "extension" : [{
        "url" : "longitude",
        "valueDecimal" : 106.58
      },
      {
        "url" : "latitude",
        "valueDecimal" : 29.51
      }],
      "url" : "http://fhir.cq.hc/StructureDefinition/hc-mdm-organizationggis"
    }],
    "use" : "work",
    "type" : "physical",
    "line" : ["XX省长宁市奉孝区龙翔路42号"],
    "postalCode" : "400210"
  }],
  "partOf" : {
    "reference" : "http://example.org/fhir/r4/Organization/2",
    "type" : "Organization",
    "identifier" : {
      "type" : {
        "coding" : [{
          "system" : "http://fhir.cq.hc/CodeSystem/identifierType-code-system",
          "code" : "MOI",
          "display" : "机构主索引号码"
        }]
      },
      "value" : "82783739457838954"
    },
    "display" : "长宁市奉孝区中心医院"
  },
  "contact" : [{
    "purpose" : {
      "coding" : [{
        "system" : "http://fhir.cq.hc/CodeSystem/contactortype-code-system",
        "code" : "RES"
      }]
    },
    "name" : {
      "text" : "李广利"
    },
    "telecom" : [{
      "system" : "phone",
      "value" : "+86-18412594521",
      "use" : "work"
    }]
  }]
}