<?xml version="1.0" encoding="UTF-8"?>

<Organization xmlns="http://hl7.org/fhir">
  <id value="ChongqingYuzhongHealthCommission"/>
  <meta>
    <profile value="http://fhir.cq.hc/StructureDefinition/hc-mdm-organization|0.1.5"/>
  </meta>
  <text>
    <status value="extensions"/><div xmlns="http://www.w3.org/1999/xhtml"><p class="res-header-id"><b>Generated Narrative: Organization ChongqingYuzhongHealthCommission</b></p><a name="ChongqingYuzhongHealthCommission"> </a><a name="hcChongqingYuzhongHealthCommission"> </a><div style="display: inline-block; background-color: #d9e0e7; padding: 6px; margin: 4px; border: 1px solid #8da1b4; border-radius: 5px; line-height: 60%"><p style="margin-bottom: 0px"/><p style="margin-bottom: 0px">Profile: <a href="StructureDefinition-hc-mdm-organization.html">组织机构主数据version: null0.1.6)</a></p></div><p><b>行政区划(区县)</b>: <a href="CodeSystem-cq-administrativedivision-code-system.html#cq-administrativedivision-code-system-500103">重庆区级行政区划代码 500103</a>: 渝中区</p><p><b>行政区划(街道)</b>: <a href="CodeSystem-cq-streetdivision-code-system.html#cq-streetdivision-code-system-500103001">重庆（乡镇街道级）行政区划代码 500103001</a>: 七星岗街道</p><p><b>上级监管机构</b>: 重庆市卫生健康委员会 (Identifier: 机构主索引号码/82783739457838954)</p><p><b>机构运营状态</b>: <a href="CodeSystem-operatingstatus-code-system.html#operatingstatus-code-system-0">机构运营状态代码 0</a>: 开业</p><p><b>identifier</b>: 机构主索引号码/1638748745645060 (use: official, ), 统一社会信用代码/11500103MB1849823N (use: official, )</p><p><b>active</b>: true</p><p><b>type</b>: <span title="Codes:{http://fhir.cq.hc/CodeSystem/organizationtype-code-system 121}">事业单位法人</span></p><p><b>name</b>: 重庆市渝中区卫生健康委员会</p><p><b>telecom</b>: <a href="tel:+86-23-63765146">+86-23-63765146</a>, <a href="mailto:yzqwsj@163.com">yzqwsj@163.com</a>, <a href="http://www.cqyz.gov.cn/bm_229/qwsjkw/zwgk_97157/">http://www.cqyz.gov.cn/bm_229/qwsjkw/zwgk_97157/</a></p><p><b>address</b>: 重庆市渝中区和平路管家巷9号 400010 (work)</p></div>
  </text>
  <extension url="http://fhir.cq.hc/StructureDefinition/hc-mdm-administrativedivision">
    <valueCoding>
      <system value="http://fhir.cq.hc/CodeSystem/cq-administrativedivision-code-system"/>
      <code value="500103"/>
      <display value="渝中区"/>
    </valueCoding>
  </extension>
  <extension url="http://fhir.cq.hc/StructureDefinition/hc-mdm-streetdivision">
    <valueCoding>
      <system value="http://fhir.cq.hc/CodeSystem/cq-streetdivision-code-system"/>
      <code value="500103001"/>
      <display value="七星岗街道"/>
    </valueCoding>
  </extension>
  <extension url="http://fhir.cq.hc/StructureDefinition/hc-mdm-supervisedby">
    <valueReference>
      <type value="Organization"/>
      <identifier>
        <type>
          <coding>
            <system value="http://fhir.cq.hc/CodeSystem/identifierType-code-system"/>
            <code value="MOI"/>
            <display value="机构主索引号码"/>
          </coding>
        </type>
        <value value="82783739457838954"/>
      </identifier>
      <display value="重庆市卫生健康委员会"/>
    </valueReference>
  </extension>
  <extension url="http://fhir.cq.hc/StructureDefinition/hc-mdm-operatingstatus">
    <valueCoding>
      <system value="http://fhir.cq.hc/CodeSystem/operatingstatus-code-system"/>
      <code value="0"/>
      <display value="开业"/>
    </valueCoding>
  </extension>
  <identifier>
    <use value="official"/>
    <type>
      <coding>
        <system value="http://fhir.cq.hc/CodeSystem/identifierType-code-system"/>
        <code value="MOI"/>
        <display value="机构主索引号码"/>
      </coding>
    </type>
    <value value="1638748745645060"/>
  </identifier>
  <identifier>
    <use value="official"/>
    <type>
      <coding>
        <system value="http://fhir.cq.hc/CodeSystem/identifierType-code-system"/>
        <code value="USCC"/>
        <display value="统一社会信用代码"/>
      </coding>
    </type>
    <value value="11500103MB1849823N"/>
  </identifier>
  <active value="true"/>
  <type>
    <coding>
      <system value="http://fhir.cq.hc/CodeSystem/organizationtype-code-system"/>
      <code value="121"/>
      <display value="事业单位法人"/>
    </coding>
  </type>
  <name value="重庆市渝中区卫生健康委员会"/>
  <telecom>
    <system value="phone"/>
    <value value="+86-23-63765146"/>
    <use value="work"/>
  </telecom>
  <telecom>
    <system value="email"/>
    <value value="yzqwsj@163.com"/>
    <use value="work"/>
  </telecom>
  <telecom>
    <system value="url"/>
    <value value="http://www.cqyz.gov.cn/bm_229/qwsjkw/zwgk_97157/"/>
    <use value="work"/>
  </telecom>
  <address>
    <extension url="http://fhir.cq.hc/StructureDefinition/hc-mdm-organizationggis">
      <extension url="longitude">
        <valueDecimal value="106.56887499999993"/>
      </extension>
      <extension url="latitude">
        <valueDecimal value="29.55277699999998"/>
      </extension>
    </extension>
    <use value="work"/>
    <type value="physical"/>
    <line value="重庆市渝中区和平路管家巷9号"/>
    <postalCode value="400010"/>
  </address>
</Organization>