{
  "resourceType" : "Organization",
  "id" : "ChongqingHealthCommission",
  "meta" : {
    "profile" : ["http://fhir.cq.hc/StructureDefinition/hc-mdm-organization|0.1.4"]
  },
  "text" : {
    "status" : "extensions",
    "div" : "<div xmlns=\"http://www.w3.org/1999/xhtml\"><p class=\"res-header-id\"><b>Generated Narrative: Organization ChongqingHealthCommission</b></p><a name=\"ChongqingHealthCommission\"> </a><a name=\"hcChongqingHealthCommission\"> </a><a name=\"ChongqingHealthCommission-en-US\"> </a><div style=\"display: inline-block; background-color: #d9e0e7; padding: 6px; margin: 4px; border: 1px solid #8da1b4; border-radius: 5px; line-height: 60%\"><p style=\"margin-bottom: 0px\"/><p style=\"margin-bottom: 0px\">Profile: <a href=\"StructureDefinition-hc-mdm-organization.html\">组织机构主数据version: null0.1.4)</a></p></div><p><b>行政区划(区县)</b>: <a href=\"CodeSystem-cq-administrativedivision-code-system.html#cq-administrativedivision-code-system-500112\">重庆区级行政区划代码 500112</a>: 渝北区</p><p><b>行政区划(街道)</b>: <a href=\"CodeSystem-cq-streetdivision-code-system.html#cq-streetdivision-code-system-500112005\">重庆（乡镇街道级）行政区划代码 500112005</a>: 龙山街道</p><p><b>机构运营状态</b>: <a href=\"CodeSystem-operatingstatus-code-system.html#operatingstatus-code-system-0\">机构运营状态代码 0</a>: 开业</p><p><b>identifier</b>: 机构主索引号码/82783739457838954\u00a0(use:\u00a0official,\u00a0), 统一社会信用代码/11500000MB1670604W\u00a0(use:\u00a0official,\u00a0)</p><p><b>active</b>: true</p><p><b>type</b>: <span title=\"Codes:{http://fhir.cq.hc/CodeSystem/organizationtype-code-system 121}\">事业单位法人</span></p><p><b>name</b>: 重庆市卫生健康委员会</p><p><b>telecom</b>: <a href=\"tel:+86-23-67706707\">+86-23-67706707</a>, <a href=\"mailto:abc@cnu.org\">abc@cnu.org</a>, <a href=\"https://wsjkw.cq.gov.cn\">https://wsjkw.cq.gov.cn</a></p><p><b>address</b>: 重庆市渝北区旗龙路6号 401147 (work)</p></div>"
  },
  "extension" : [{
    "url" : "http://fhir.cq.hc/StructureDefinition/hc-mdm-administrativedivision",
    "valueCoding" : {
      "system" : "http://fhir.cq.hc/CodeSystem/cq-administrativedivision-code-system",
      "code" : "500112",
      "display" : "渝北区"
    }
  },
  {
    "url" : "http://fhir.cq.hc/StructureDefinition/hc-mdm-streetdivision",
    "valueCoding" : {
      "system" : "http://fhir.cq.hc/CodeSystem/cq-streetdivision-code-system",
      "code" : "500112005",
      "display" : "龙山街道"
    }
  },
  {
    "url" : "http://fhir.cq.hc/StructureDefinition/hc-mdm-operatingstatus",
    "valueCoding" : {
      "system" : "http://fhir.cq.hc/CodeSystem/operatingstatus-code-system",
      "code" : "0",
      "display" : "开业"
    }
  }],
  "identifier" : [{
    "use" : "official",
    "type" : {
      "coding" : [{
        "system" : "http://fhir.cq.hc/CodeSystem/identifierType-code-system",
        "code" : "MOI",
        "display" : "机构主索引号码"
      }]
    },
    "value" : "82783739457838954"
  },
  {
    "use" : "official",
    "type" : {
      "coding" : [{
        "system" : "http://fhir.cq.hc/CodeSystem/identifierType-code-system",
        "code" : "USCC",
        "display" : "统一社会信用代码"
      }]
    },
    "value" : "11500000MB1670604W"
  }],
  "active" : true,
  "type" : [{
    "coding" : [{
      "system" : "http://fhir.cq.hc/CodeSystem/organizationtype-code-system",
      "code" : "121",
      "display" : "事业单位法人"
    }]
  }],
  "name" : "重庆市卫生健康委员会",
  "telecom" : [{
    "system" : "phone",
    "value" : "+86-23-67706707",
    "use" : "work"
  },
  {
    "system" : "email",
    "value" : "abc@cnu.org",
    "use" : "work"
  },
  {
    "system" : "url",
    "value" : "https://wsjkw.cq.gov.cn",
    "use" : "work"
  }],
  "address" : [{
    "extension" : [{
      "extension" : [{
        "url" : "longitude",
        "valueDecimal" : 106.50520499999993
      },
      {
        "url" : "latitude",
        "valueDecimal" : 29.593906000000015
      }],
      "url" : "http://fhir.cq.hc/StructureDefinition/hc-mdm-organizationggis"
    }],
    "use" : "work",
    "type" : "physical",
    "line" : ["重庆市渝北区旗龙路6号"],
    "postalCode" : "401147"
  }]
}