{
  "resourceType" : "SearchParameter",
  "id" : "institution-type",
  "text" : {
    "status" : "generated",
    "div" : "<div xmlns=\"http://www.w3.org/1999/xhtml\"><p class=\"res-header-id\"><b>Generated Narrative: SearchParameter institution-type</b></p><a name=\"institution-type\"> </a><a name=\"hcinstitution-type\"> </a><h2>institution-type</h2><p>Parameter <code>institution-type</code>:<code>token</code></p><div><p>Search by healthcare institution type code</p>\n</div><table class=\"grid\"><tr><td>Resource</td><td><a href=\"http://hl7.org/fhir/R4/organization.html\">Organization</a></td></tr><tr><td>Expression</td><td><code>Organization.extension('http://fhir.cq.hc/StructureDefinition/hc-mdm-healthcareinstitutionstype').valueCoding</code></td></tr><tr><td>Processing Mode</td><td>Normal</td></tr><tr><td>Multiples</td><td><ul><li>multipleAnd: It's up to the server whether the parameter may repeat in order to specify multiple values that must all be true</li><li>multipleOr: It's up to the server whether the parameter can have multiple values (separated by comma) where at least one must be true</li></ul></td></tr></table></div>"
  },
  "url" : "http://fhir.cq.hc/SearchParameter/institution-type",
  "version" : "0.1.6",
  "name" : "institution-type",
  "status" : "active",
  "date" : "2025-06-27T14:36:55+08:00",
  "publisher" : "重庆市卫生健康统计信息中心",
  "contact" : [{
    "name" : "重庆市卫生健康统计信息中心",
    "telecom" : [{
      "system" : "url",
      "value" : "http://www.cqshic.com"
    }]
  }],
  "description" : "Search by healthcare institution type code",
  "code" : "institution-type",
  "base" : ["Organization"],
  "type" : "token",
  "expression" : "Organization.extension('http://fhir.cq.hc/StructureDefinition/hc-mdm-healthcareinstitutionstype').valueCoding",
  "xpathUsage" : "normal"
}