{
  "package": "chongqing.core",
  "version": "0.1.1",
  "fhirVersion": "4.0.1",
  "extensions": [
    {
      "url": "http://fhir.cq.hc/StructureDefinition/hc-mdm-administrativedivision",
      "title": "民政区划(区县)",
      "types": [
        "Coding"
      ]
    },
    {
      "url": "http://fhir.cq.hc/StructureDefinition/hc-mdm-economicindustryclassification",
      "title": "经济类型分类",
      "types": [
        "Coding"
      ]
    },
    {
      "url": "http://fhir.cq.hc/StructureDefinition/hc-mdm-healthcareinstitutionstype",
      "title": "卫生机构（组织）分类",
      "types": [
        "Coding"
      ]
    },
    {
      "url": "http://fhir.cq.hc/StructureDefinition/hc-mdm-hospitallevel",
      "title": "中国医院三级评审等级",
      "types": [
        "Coding"
      ]
    },
    {
      "url": "http://fhir.cq.hc/StructureDefinition/hc-mdm-hospitalmanagementype",
      "title": "医院管理类型",
      "types": [
        "Coding"
      ]
    },
    {
      "url": "http://fhir.cq.hc/StructureDefinition/hc-mdm-operatingstatus",
      "title": "机构运营状态",
      "types": [
        "Coding"
      ]
    },
    {
      "url": "http://fhir.cq.hc/StructureDefinition/hc-mdm-organizationggis",
      "title": "组织机构地理位置坐标",
      "types": [
        "decimal",
        "decimal",
        "base64Binary",
        "boolean",
        "canonical",
        "code",
        "date",
        "dateTime",
        "decimal",
        "id",
        "instant",
        "integer",
        "markdown",
        "oid",
        "positiveInt",
        "string",
        "time",
        "unsignedInt",
        "uri",
        "url",
        "uuid",
        "Address",
        "Age",
        "Annotation",
        "Attachment",
        "CodeableConcept",
        "Coding",
        "ContactPoint",
        "Count",
        "Distance",
        "Duration",
        "HumanName",
        "Identifier",
        "Money",
        "Period",
        "Quantity",
        "Range",
        "Ratio",
        "Reference",
        "SampledData",
        "Signature",
        "Timing",
        "ContactDetail",
        "Contributor",
        "DataRequirement",
        "Expression",
        "ParameterDefinition",
        "RelatedArtifact",
        "TriggerDefinition",
        "UsageContext",
        "Dosage",
        "Meta"
      ]
    },
    {
      "url": "http://fhir.cq.hc/StructureDefinition/hc-mdm-secondaryhealthcareinstitutionsinfo",
      "title": "次要组织机构信息",
      "types": [
        "Coding",
        "string",
        "base64Binary",
        "boolean",
        "canonical",
        "code",
        "date",
        "dateTime",
        "decimal",
        "id",
        "instant",
        "integer",
        "markdown",
        "oid",
        "positiveInt",
        "string",
        "time",
        "unsignedInt",
        "uri",
        "url",
        "uuid",
        "Address",
        "Age",
        "Annotation",
        "Attachment",
        "CodeableConcept",
        "Coding",
        "ContactPoint",
        "Count",
        "Distance",
        "Duration",
        "HumanName",
        "Identifier",
        "Money",
        "Period",
        "Quantity",
        "Range",
        "Ratio",
        "Reference",
        "SampledData",
        "Signature",
        "Timing",
        "ContactDetail",
        "Contributor",
        "DataRequirement",
        "Expression",
        "ParameterDefinition",
        "RelatedArtifact",
        "TriggerDefinition",
        "UsageContext",
        "Dosage",
        "Meta"
      ]
    },
    {
      "url": "http://fhir.cq.hc/StructureDefinition/hc-mdm-streetdivision",
      "title": "民政区划(街道)",
      "types": [
        "Coding"
      ]
    },
    {
      "url": "http://fhir.cq.hc/StructureDefinition/hc-mdm-supervisedby",
      "title": "上级监管机构",
      "types": [
        "Reference"
      ]
    }
  ],
  "profiles": {
    "Organization": [
      {
        "url": "http://fhir.cq.hc/StructureDefinition/hc-healthcare-organization",
        "title": "卫生机构主数据"
      },
      {
        "url": "http://fhir.cq.hc/StructureDefinition/hc-mdm-organization",
        "title": "组织机构主数据"
      }
    ]
  },
  "usage": {
    "http://fhir.cq.hc/StructureDefinition/hc-mdm-administrativedivision": [
      "Organization"
    ],
    "http://fhir.cq.hc/StructureDefinition/hc-mdm-economicindustryclassification": [
      "Organization"
    ],
    "http://fhir.cq.hc/StructureDefinition/hc-mdm-healthcareinstitutionstype": [
      "Organization"
    ],
    "http://fhir.cq.hc/StructureDefinition/hc-mdm-hospitallevel": [
      "Organization"
    ],
    "http://fhir.cq.hc/StructureDefinition/hc-mdm-hospitalmanagementype": [
      "Organization"
    ],
    "http://fhir.cq.hc/StructureDefinition/hc-mdm-operatingstatus": [
      "Organization"
    ],
    "http://fhir.cq.hc/StructureDefinition/hc-mdm-organizationggis": [
      "Organization.address"
    ],
    "http://fhir.cq.hc/StructureDefinition/hc-mdm-secondaryhealthcareinstitutionsinfo": [
      "Organization"
    ],
    "http://fhir.cq.hc/StructureDefinition/hc-mdm-streetdivision": [
      "Organization"
    ],
    "http://fhir.cq.hc/StructureDefinition/hc-mdm-supervisedby": [
      "Organization"
    ],
    "http://hl7.org/fhir/StructureDefinition/elementdefinition-bestpractice": [
      "StructureDefinition.snapshot.element.constraint"
    ],
    "http://hl7.org/fhir/StructureDefinition/elementdefinition-bestpractice-explanation": [
      "StructureDefinition.snapshot.element.constraint"
    ],
    "http://hl7.org/fhir/StructureDefinition/elementdefinition-bindingName": [
      "StructureDefinition.snapshot.element.binding"
    ],
    "http://hl7.org/fhir/StructureDefinition/elementdefinition-maxValueSet": [
      "StructureDefinition.snapshot.element.binding"
    ],
    "http://hl7.org/fhir/StructureDefinition/structuredefinition-fhir-type": [
      "StructureDefinition.snapshot.element.type"
    ],
    "http://hl7.org/fhir/StructureDefinition/structuredefinition-hierarchy": [
      "StructureDefinition.snapshot.element.type"
    ],
    "http://hl7.org/fhir/tools/StructureDefinition/ig-internal-dependency": [
      "ImplementationGuide.definition"
    ],
    "http://hl7.org/fhir/tools/StructureDefinition/ig-page-name": [
      "ImplementationGuide.definition.page",
      "ImplementationGuide.definition.page.page"
    ],
    "http://hl7.org/fhir/tools/StructureDefinition/ig-parameter": [
      "ImplementationGuide.definition"
    ],
    "http://hl7.org/fhir/tools/StructureDefinition/implementationguide-dependency-comment": [
      "ImplementationGuide.dependsOn"
    ],
    "http://hl7.org/fhir/tools/StructureDefinition/resource-information": [
      "ImplementationGuide.definition.resource"
    ]
  }
}