<?xml version="1.0" encoding="UTF-8"?>

<ValueSet xmlns="http://hl7.org/fhir">
  <id value="cn-hospitalleve-vs"/>
  <text>
    <status value="generated"/><div xmlns="http://www.w3.org/1999/xhtml"><p class="res-header-id"><b>Generated Narrative: ValueSet cn-hospitalleve-vs</b></p><a name="cn-hospitalleve-vs"> </a><a name="hccn-hospitalleve-vs"> </a><a name="cn-hospitalleve-vs-und"> </a><ul><li>Include all codes defined in <a href="CodeSystem-cn-hospitalleve-code-system.html"><code>http://fhir.cq.hc/CodeSystem/cn-hospitalleve-code-system</code></a></li></ul></div>
  </text>
  <url value="http://fhir.cq.hc/ValueSet/cn-hospitalleve-vs"/>
  <version value="0.1.0"/>
  <name value="CNHospitalLevelVS"/>
  <title value="中国医院三级评审等级值集"/>
  <status value="draft"/>
  <experimental value="false"/>
  <date value="2024-12-12T17:06:37+08:00"/>
  <publisher value="重庆市卫生健康统计信息中心"/>
  <contact>
    <name value="重庆市卫生健康统计信息中心"/>
    <telecom>
      <system value="url"/>
      <value value="http://www.cqshic.com"/>
    </telecom>
  </contact>
  <description value="中国医院三级评审等级值集"/>
  <compose>
    <include>
      <system value="http://fhir.cq.hc/CodeSystem/cn-hospitalleve-code-system"/>
    </include>
  </compose>
</ValueSet>