<?xml version="1.0" encoding="UTF-8"?>

<ValueSet xmlns="http://hl7.org/fhir">
  <id value="operatingstatus-vs"/>
  <text>
    <status value="generated"/><div xmlns="http://www.w3.org/1999/xhtml"><p class="res-header-id"><b>Generated Narrative: ValueSet operatingstatus-vs</b></p><a name="operatingstatus-vs"> </a><a name="hcoperatingstatus-vs"> </a><ul><li>Include all codes defined in <a href="CodeSystem-operatingstatus-code-system.html"><code>http://fhir.cq.hc/CodeSystem/operatingstatus-code-system</code></a></li></ul></div>
  </text>
  <url value="http://fhir.cq.hc/ValueSet/operatingstatus-vs"/>
  <version value="0.1.6"/>
  <name value="OperatingStatusVS"/>
  <title value="机构运营状态值集"/>
  <status value="draft"/>
  <experimental value="false"/>
  <date value="2025-06-27T14:36:55+08:00"/>
  <publisher value="重庆市卫生健康统计信息中心"/>
  <contact>
    <name value="重庆市卫生健康统计信息中心"/>
    <telecom>
      <system value="url"/>
      <value value="http://www.cqshic.com"/>
    </telecom>
  </contact>
  <description value="机构运营状态值集"/>
  <compose>
    <include>
      <system value="http://fhir.cq.hc/CodeSystem/operatingstatus-code-system"/>
    </include>
  </compose>
</ValueSet>