{
  "codeSystems" : [
    {
      "url" : "http://fhir.cq.hc/ValueSet/cn-contactorType-vs",
      "version" : "0.1.0",
      "status" : "draft",
      "name" : "CNContactorTypeVS",
      "title" : "中文联系人类型值集",
      "description" : "中文联系人类型值集",
      "systems" : [
        "http://terminology.hl7.org/CodeSystem/contactentity-type",
        "http://fhir.cq.hc/CodeSystem/contactortype-code-system"
      ],
      "uses" : {
      },
      "StructureDefinition-hc-healthcare-organization.html" : "卫生健康机构主数据"
    },
    {
      "url" : "http://fhir.cq.hc/ValueSet/cn-hospitalleve-vs",
      "version" : "0.1.0",
      "status" : "draft",
      "name" : "CNHospitalLevelVS",
      "title" : "中国医院三级评审等级值集",
      "description" : "中国医院三级评审等级值集",
      "systems" : ["http://fhir.cq.hc/CodeSystem/cn-hospitalleve-code-system"],
      "uses" : {
      },
      "StructureDefinition-hc-mdm-hospitallevel.html" : "中国医院三级评审等级"
    },
    {
      "url" : "http://fhir.cq.hc/ValueSet/cn-hospitalmanagementype-vs",
      "version" : "0.1.0",
      "status" : "draft",
      "name" : "CNHospitalManagementTypeVS",
      "title" : "医院管理类型值集",
      "description" : "医院管理类型值集",
      "systems" : [
        "http://fhir.cq.hc/CodeSystem/cn-hospitalnanagementtype-code-system"
      ],
      "uses" : {
      },
      "StructureDefinition-hc-mdm-hospitalmanagementype.html" : "医院管理类型"
    },
    {
      "url" : "http://fhir.cq.hc/ValueSet/cn-identifierType-vs",
      "version" : "0.1.0",
      "status" : "draft",
      "name" : "CNIdentifierTypeVS",
      "title" : "标识类型值集",
      "description" : "标识类型值集",
      "systems" : [
        "http://fhir.cq.hc/CodeSystem/identifierType-code-system",
        "http://terminology.hl7.org/CodeSystem/v2-0203"
      ],
      "uses" : {
      },
      "StructureDefinition-hc-mdm-organization.html" : "组织机构主数据"
    },
    {
      "url" : "http://fhir.cq.hc/ValueSet/cn-nationaleconomicindustryclassification-vs",
      "version" : "0.1.0",
      "status" : "draft",
      "name" : "CNNationalEconomicIndustryClassificationVS",
      "title" : "经济类型分类值集",
      "description" : "国家标准GB-T12402-2000《经济类型分类与代码》值集",
      "systems" : [
        "http://fhir.cq.hc/CodeSystem/nationaleconomicindustryclassification-code-system"
      ],
      "uses" : {
      },
      "StructureDefinition-hc-mdm-economicindustryclassification.html" : "经济类型分类"
    },
    {
      "url" : "http://fhir.cq.hc/ValueSet/cq-administrativedivision-vs",
      "version" : "0.1.0",
      "status" : "draft",
      "name" : "CQAdministrativeDivisionVS",
      "title" : "重庆区级行政区划值集",
      "description" : "重庆区级行政区划值集",
      "systems" : [
        "http://fhir.cq.hc/CodeSystem/cq-administrativedivision-code-system"
      ],
      "uses" : {
      },
      "StructureDefinition-hc-mdm-administrativedivision.html" : "民政区划(区县)"
    },
    {
      "url" : "http://fhir.cq.hc/ValueSet/cq-streetdivision-vs",
      "version" : "0.1.0",
      "status" : "draft",
      "name" : "CQStreetDivisionVS",
      "title" : "重庆（乡镇街道级）行政区划值集",
      "description" : "重庆（乡镇街道级）行政区划值集",
      "systems" : ["http://fhir.cq.hc/CodeSystem/cq-streetdivision-code-system"],
      "uses" : {
      },
      "StructureDefinition-hc-mdm-streetdivision.html" : "民政区划(街道)"
    },
    {
      "url" : "http://fhir.cq.hc/ValueSet/healthcareinstitutionstype-vs",
      "version" : "0.1.0",
      "status" : "draft",
      "name" : "HealthcareInstitutionsTypeVS",
      "title" : "卫生机构（组织）分类与代码值集",
      "description" : "行业标准WS 218-2002 卫生机构（组织）分类与代码值集",
      "systems" : [
        "http://fhir.cq.hc/CodeSystem/healthcareinstitutionstype-code-system"
      ],
      "uses" : {
      },
      "StructureDefinition-hc-mdm-secondaryhealthcareinstitutionsinfo.html" : "次要组织机构信息",
      "StructureDefinition-hc-mdm-healthcareinstitutionstype.html" : "卫生机构（组织）分类"
    },
    {
      "url" : "http://fhir.cq.hc/ValueSet/operatingstatus-vs",
      "version" : "0.1.0",
      "status" : "draft",
      "name" : "OperatingStatusVS",
      "title" : "机构运营状态值集",
      "description" : "机构运营状态值集",
      "systems" : ["http://fhir.cq.hc/CodeSystem/operatingstatus-code-system"],
      "uses" : {
      },
      "StructureDefinition-hc-mdm-operatingstatus.html" : "机构运营状态"
    },
    {
      "url" : "http://fhir.cq.hc/ValueSet/organizationtype-vs",
      "version" : "0.1.0",
      "status" : "draft",
      "name" : "OrganizationTypeVS",
      "title" : "组织机构类型值集",
      "description" : "国家标准GB/T 20091-2021 组织机构类型值集",
      "systems" : ["http://fhir.cq.hc/CodeSystem/organizationtype-code-system"],
      "uses" : {
      },
      "StructureDefinition-hc-mdm-organization.html" : "组织机构主数据"
    },
    {
      "url" : "http://hl7.org/fhir/ValueSet/contactentity-type",
      "version" : "4.0.1",
      "status" : "draft",
      "name" : "ContactEntityType",
      "title" : "Contact entity type",
      "description" : "This example value set defines a set of codes that can be used to indicate the purpose for which you would contact a contact party.",
      "systems" : ["http://terminology.hl7.org/CodeSystem/contactentity-type"],
      "oids" : ["2.16.840.1.113883.4.642.3.416"],
      "sources" : ["2.16.840.1.113883.4.642.3.416"],
      "uses" : {
      },
      "ValueSet-cn-contactorType-vs.html" : "中文联系人类型值集"
    },
    {
      "url" : "http://hl7.org/fhir/ValueSet/identifier-type",
      "version" : "4.0.1",
      "status" : "active",
      "name" : "Identifier Type Codes",
      "title" : "IdentifierType",
      "description" : "A coded type for an identifier that can be used to determine which identifier to use for a specific purpose.",
      "systems" : ["http://terminology.hl7.org/CodeSystem/v2-0203"],
      "oids" : ["2.16.840.1.113883.4.642.3.45"],
      "sources" : ["2.16.840.1.113883.4.642.3.45"],
      "uses" : {
      },
      "ValueSet-cn-identifierType-vs.html" : "标识类型值集"
    }
  ]
}
