{
  "resourceType" : "ValueSet",
  "id" : "cn-identifierType-vs",
  "text" : {
    "status" : "generated",
    "div" : "<div xmlns=\"http://www.w3.org/1999/xhtml\"><p class=\"res-header-id\"><b>Generated Narrative: ValueSet cn-identifierType-vs</b></p><a name=\"cn-identifierType-vs\"> </a><a name=\"hccn-identifierType-vs\"> </a><a name=\"cn-identifierType-vs-und\"> </a><p>This value set includes codes based on the following rules:</p><ul><li>Import all the codes that are contained in the intersection of <a href=\"http://hl7.org/fhir/R4/valueset-identifier-type.html\">IdentifierType</a></li><li>Include all codes defined in <a href=\"CodeSystem-identifierType-code-system.html\"><code>http://fhir.cq.hc/CodeSystem/identifierType-code-system</code></a></li></ul></div>"
  },
  "url" : "http://fhir.cq.hc/ValueSet/cn-identifierType-vs",
  "version" : "0.1.0",
  "name" : "CNIdentifierTypeVS",
  "title" : "标识类型值集",
  "status" : "draft",
  "experimental" : false,
  "date" : "2024-12-12T17:06:37+08:00",
  "publisher" : "重庆市卫生健康统计信息中心",
  "contact" : [{
    "name" : "重庆市卫生健康统计信息中心",
    "telecom" : [{
      "system" : "url",
      "value" : "http://www.cqshic.com"
    }]
  }],
  "description" : "标识类型值集",
  "compose" : {
    "include" : [{
      "valueSet" : ["http://hl7.org/fhir/ValueSet/identifier-type"]
    },
    {
      "system" : "http://fhir.cq.hc/CodeSystem/identifierType-code-system"
    }]
  }
}