<?xml version="1.0" encoding="UTF-8"?>

<ValueSet xmlns="http://hl7.org/fhir">
  <id value="organizationtype-vs"/>
  <text>
    <status value="generated"/><div xmlns="http://www.w3.org/1999/xhtml"><p class="res-header-id"><b>Generated Narrative: ValueSet organizationtype-vs</b></p><a name="organizationtype-vs"> </a><a name="hcorganizationtype-vs"> </a><a name="organizationtype-vs-und"> </a><ul><li>Include all codes defined in <a href="CodeSystem-organizationtype-code-system.html"><code>http://fhir.cq.hc/CodeSystem/organizationtype-code-system</code></a></li></ul></div>
  </text>
  <url value="http://fhir.cq.hc/ValueSet/organizationtype-vs"/>
  <version value="0.1.1"/>
  <name value="OrganizationTypeVS"/>
  <title value="组织机构类型值集"/>
  <status value="draft"/>
  <experimental value="false"/>
  <date value="2024-12-27T11:42:10+08:00"/>
  <publisher value="重庆市卫生健康统计信息中心"/>
  <contact>
    <name value="重庆市卫生健康统计信息中心"/>
    <telecom>
      <system value="url"/>
      <value value="http://www.cqshic.com"/>
    </telecom>
  </contact>
  <description value="国家标准GB/T 20091-2021 组织机构类型值集"/>
  <compose>
    <include>
      <system value="http://fhir.cq.hc/CodeSystem/organizationtype-code-system"/>
    </include>
  </compose>
</ValueSet>