{
  "resourceType" : "ValueSet",
  "id" : "organizationtype-vs",
  "text" : {
    "status" : "generated",
    "div" : "<div xmlns=\"http://www.w3.org/1999/xhtml\"><p class=\"res-header-id\"><b>Generated Narrative: ValueSet organizationtype-vs</b></p><a name=\"organizationtype-vs\"> </a><a name=\"hcorganizationtype-vs\"> </a><a name=\"organizationtype-vs-en-US\"> </a><ul><li>Include all codes defined in <a href=\"CodeSystem-organizationtype-code-system.html\"><code>http://fhir.cq.hc/CodeSystem/organizationtype-code-system</code></a></li></ul></div>"
  },
  "url" : "http://fhir.cq.hc/ValueSet/organizationtype-vs",
  "version" : "0.1.4",
  "name" : "OrganizationTypeVS",
  "title" : "组织机构类型值集",
  "status" : "draft",
  "experimental" : false,
  "date" : "2025-04-28T16:02:01+08:00",
  "publisher" : "重庆市卫生健康统计信息中心",
  "contact" : [{
    "name" : "重庆市卫生健康统计信息中心",
    "telecom" : [{
      "system" : "url",
      "value" : "http://www.cqshic.com"
    }]
  }],
  "description" : "国家标准GB/T 20091-2021 组织机构类型值集",
  "compose" : {
    "include" : [{
      "system" : "http://fhir.cq.hc/CodeSystem/organizationtype-code-system"
    }]
  }
}