{
  "resourceType" : "ValueSet",
  "id" : "cq-streetdivision-vs",
  "text" : {
    "status" : "generated",
    "div" : "<div xmlns=\"http://www.w3.org/1999/xhtml\"><p class=\"res-header-id\"><b>Generated Narrative: ValueSet cq-streetdivision-vs</b></p><a name=\"cq-streetdivision-vs\"> </a><a name=\"hccq-streetdivision-vs\"> </a><a name=\"cq-streetdivision-vs-und\"> </a><ul><li>Include all codes defined in <a href=\"CodeSystem-cq-streetdivision-code-system.html\"><code>http://fhir.cq.hc/CodeSystem/cq-streetdivision-code-system</code></a></li></ul></div>"
  },
  "url" : "http://fhir.cq.hc/ValueSet/cq-streetdivision-vs",
  "version" : "0.1.1",
  "name" : "CQStreetDivisionVS",
  "title" : "重庆（乡镇街道级）行政区划值集",
  "status" : "draft",
  "experimental" : false,
  "date" : "2024-12-26T20:46:24+08:00",
  "publisher" : "重庆市卫生健康统计信息中心",
  "contact" : [{
    "name" : "重庆市卫生健康统计信息中心",
    "telecom" : [{
      "system" : "url",
      "value" : "http://www.cqshic.com"
    }]
  }],
  "description" : "重庆（乡镇街道级）行政区划值集",
  "compose" : {
    "include" : [{
      "system" : "http://fhir.cq.hc/CodeSystem/cq-streetdivision-code-system"
    }]
  }
}