<?xml version="1.0" encoding="UTF-8"?>

<ValueSet xmlns="http://hl7.org/fhir">
  <id value="cn-hospitalmanagementype-vs"/>
  <text>
    <status value="generated"/><div xmlns="http://www.w3.org/1999/xhtml"><p class="res-header-id"><b>Generated Narrative: ValueSet cn-hospitalmanagementype-vs</b></p><a name="cn-hospitalmanagementype-vs"> </a><a name="hccn-hospitalmanagementype-vs"> </a><a name="cn-hospitalmanagementype-vs-en-US"> </a><ul><li>Include all codes defined in <a href="CodeSystem-cn-hospitalnanagementtype-code-system.html"><code>http://fhir.cq.hc/CodeSystem/cn-hospitalnanagementtype-code-system</code></a></li></ul></div>
  </text>
  <url value="http://fhir.cq.hc/ValueSet/cn-hospitalmanagementype-vs"/>
  <version value="0.1.4"/>
  <name value="CNHospitalManagementTypeVS"/>
  <title value="医院管理类型值集"/>
  <status value="draft"/>
  <experimental value="false"/>
  <date value="2025-04-28T16:02:01+08:00"/>
  <publisher value="重庆市卫生健康统计信息中心"/>
  <contact>
    <name value="重庆市卫生健康统计信息中心"/>
    <telecom>
      <system value="url"/>
      <value value="http://www.cqshic.com"/>
    </telecom>
  </contact>
  <description value="医院管理类型值集"/>
  <compose>
    <include>
      <system value="http://fhir.cq.hc/CodeSystem/cn-hospitalnanagementtype-code-system"/>
    </include>
  </compose>
</ValueSet>