{
  "resourceType" : "ValueSet",
  "id" : "operatingstatus-vs",
  "text" : {
    "status" : "generated",
    "div" : "<div xmlns=\"http://www.w3.org/1999/xhtml\"><p class=\"res-header-id\"><b>Generated Narrative: ValueSet operatingstatus-vs</b></p><a name=\"operatingstatus-vs\"> </a><a name=\"hcoperatingstatus-vs\"> </a><a name=\"operatingstatus-vs-en-US\"> </a><ul><li>Include all codes defined in <a href=\"CodeSystem-operatingstatus-code-system.html\"><code>http://fhir.cq.hc/CodeSystem/operatingstatus-code-system</code></a></li></ul></div>"
  },
  "url" : "http://fhir.cq.hc/ValueSet/operatingstatus-vs",
  "version" : "0.1.4",
  "name" : "OperatingStatusVS",
  "title" : "机构运营状态值集",
  "status" : "draft",
  "experimental" : false,
  "date" : "2025-04-28T16:02:01+08:00",
  "publisher" : "重庆市卫生健康统计信息中心",
  "contact" : [{
    "name" : "重庆市卫生健康统计信息中心",
    "telecom" : [{
      "system" : "url",
      "value" : "http://www.cqshic.com"
    }]
  }],
  "description" : "机构运营状态值集",
  "compose" : {
    "include" : [{
      "system" : "http://fhir.cq.hc/CodeSystem/operatingstatus-code-system"
    }]
  }
}