{
  "resourceType" : "ValueSet",
  "id" : "cn-hospitalmanagementype-vs",
  "text" : {
    "status" : "generated",
    "div" : "<div xmlns=\"http://www.w3.org/1999/xhtml\"><p class=\"res-header-id\"><b>Generated Narrative: ValueSet cn-hospitalmanagementype-vs</b></p><a name=\"cn-hospitalmanagementype-vs\"> </a><a name=\"hccn-hospitalmanagementype-vs\"> </a><ul><li>Include all codes defined in <a href=\"CodeSystem-cn-hospitalnanagementtype-code-system.html\"><code>http://fhir.cq.hc/CodeSystem/cn-hospitalnanagementtype-code-system</code></a></li></ul></div>"
  },
  "url" : "http://fhir.cq.hc/ValueSet/cn-hospitalmanagementype-vs",
  "version" : "0.1.6",
  "name" : "CNHospitalManagementTypeVS",
  "title" : "医院管理类型值集",
  "status" : "draft",
  "experimental" : false,
  "date" : "2025-06-27T14:36:55+08:00",
  "publisher" : "重庆市卫生健康统计信息中心",
  "contact" : [{
    "name" : "重庆市卫生健康统计信息中心",
    "telecom" : [{
      "system" : "url",
      "value" : "http://www.cqshic.com"
    }]
  }],
  "description" : "医院管理类型值集",
  "compose" : {
    "include" : [{
      "system" : "http://fhir.cq.hc/CodeSystem/cn-hospitalnanagementtype-code-system"
    }]
  }
}