{
  "codeSystems" : [
    {
      "url" : "http://fhir.cq.hc/ValueSet/cn-contactorType-vs",
      "version" : "0.1.1",
      "status" : "draft",
      "name" : "CNContactorTypeVS",
      "title" : "中文联系人类型值集",
      "description" : "中文联系人类型值集",
      "systems" : [
        "http://terminology.hl7.org/CodeSystem/contactentity-type",
        "http://fhir.cq.hc/CodeSystem/contactortype-code-system"
      ]
    },
    {
      "url" : "http://fhir.cq.hc/ValueSet/cn-hospitalleve-vs",
      "version" : "0.1.1",
      "status" : "draft",
      "name" : "CNHospitalLevelVS",
      "title" : "中国医院三级评审等级值集",
      "description" : "中国医院三级评审等级值集",
      "systems" : ["http://fhir.cq.hc/CodeSystem/cn-hospitalleve-code-system"]
    },
    {
      "url" : "http://fhir.cq.hc/ValueSet/cn-hospitalmanagementype-vs",
      "version" : "0.1.1",
      "status" : "draft",
      "name" : "CNHospitalManagementTypeVS",
      "title" : "医院管理类型值集",
      "description" : "医院管理类型值集",
      "systems" : [
        "http://fhir.cq.hc/CodeSystem/cn-hospitalnanagementtype-code-system"
      ]
    },
    {
      "url" : "http://fhir.cq.hc/ValueSet/cn-identifierType-vs",
      "version" : "0.1.1",
      "status" : "draft",
      "name" : "CNIdentifierTypeVS",
      "title" : "标识类型值集",
      "description" : "标识类型值集",
      "systems" : [
        "http://fhir.cq.hc/CodeSystem/identifierType-code-system",
        "http://terminology.hl7.org/CodeSystem/v2-0203"
      ]
    },
    {
      "url" : "http://fhir.cq.hc/ValueSet/cn-nationaleconomicindustryclassification-vs",
      "version" : "0.1.1",
      "status" : "draft",
      "name" : "CNNationalEconomicIndustryClassificationVS",
      "title" : "经济类型分类值集",
      "description" : "国家标准GB-T12402-2000《经济类型分类与代码》值集",
      "systems" : [
        "http://fhir.cq.hc/CodeSystem/nationaleconomicindustryclassification-code-system"
      ]
    },
    {
      "url" : "http://fhir.cq.hc/ValueSet/cq-administrativedivision-vs",
      "version" : "0.1.1",
      "status" : "draft",
      "name" : "CQAdministrativeDivisionVS",
      "title" : "重庆区级行政区划值集",
      "description" : "重庆区级行政区划值集",
      "systems" : [
        "http://fhir.cq.hc/CodeSystem/cq-administrativedivision-code-system"
      ]
    },
    {
      "url" : "http://fhir.cq.hc/ValueSet/cq-streetdivision-vs",
      "version" : "0.1.1",
      "status" : "draft",
      "name" : "CQStreetDivisionVS",
      "title" : "重庆（乡镇街道级）行政区划值集",
      "description" : "重庆（乡镇街道级）行政区划值集",
      "systems" : ["http://fhir.cq.hc/CodeSystem/cq-streetdivision-code-system"]
    },
    {
      "url" : "http://fhir.cq.hc/ValueSet/healthcareinstitutionstype-vs",
      "version" : "0.1.1",
      "status" : "draft",
      "name" : "HealthcareInstitutionsTypeVS",
      "title" : "卫生机构（组织）分类与代码值集",
      "description" : "行业标准WS 218-2002 卫生机构（组织）分类与代码值集，还附加了自定义卫生机构（组织）分类与代码。",
      "systems" : [
        "http://fhir.cq.hc/CodeSystem/healthcareinstitutionstype-code-system"
      ]
    },
    {
      "url" : "http://fhir.cq.hc/ValueSet/operatingstatus-vs",
      "version" : "0.1.1",
      "status" : "draft",
      "name" : "OperatingStatusVS",
      "title" : "机构运营状态值集",
      "description" : "机构运营状态值集",
      "systems" : ["http://fhir.cq.hc/CodeSystem/operatingstatus-code-system"]
    },
    {
      "url" : "http://fhir.cq.hc/ValueSet/organizationtype-vs",
      "version" : "0.1.1",
      "status" : "draft",
      "name" : "OrganizationTypeVS",
      "title" : "组织机构类型值集",
      "description" : "国家标准GB/T 20091-2021 组织机构类型值集",
      "systems" : ["http://fhir.cq.hc/CodeSystem/organizationtype-code-system"]
    }
  ]
}
