<?xml version="1.0" encoding="UTF-8"?>

<ValueSet xmlns="http://hl7.org/fhir">
  <id value="cn-identifierType-vs"/>
  <text>
    <status value="generated"/><div xmlns="http://www.w3.org/1999/xhtml"><p class="res-header-id"><b>Generated Narrative: ValueSet cn-identifierType-vs</b></p><a name="cn-identifierType-vs"> </a><a name="hccn-identifierType-vs"> </a><a name="cn-identifierType-vs-und"> </a><p>This value set includes codes based on the following rules:</p><ul><li>Import all the codes that are contained in the intersection of <a href="http://hl7.org/fhir/R4/valueset-identifier-type.html">IdentifierType</a></li><li>Include all codes defined in <a href="CodeSystem-identifierType-code-system.html"><code>http://fhir.cq.hc/CodeSystem/identifierType-code-system</code></a></li></ul></div>
  </text>
  <url value="http://fhir.cq.hc/ValueSet/cn-identifierType-vs"/>
  <version value="0.1.0"/>
  <name value="CNIdentifierTypeVS"/>
  <title value="标识类型值集"/>
  <status value="draft"/>
  <experimental value="false"/>
  <date value="2024-12-16T18:04:20+08:00"/>
  <publisher value="重庆市卫生健康统计信息中心"/>
  <contact>
    <name value="重庆市卫生健康统计信息中心"/>
    <telecom>
      <system value="url"/>
      <value value="http://www.cqshic.com"/>
    </telecom>
  </contact>
  <description value="标识类型值集"/>
  <compose>
    <include>
      <valueSet value="http://hl7.org/fhir/ValueSet/identifier-type"/>
    </include>
    <include>
      <system value="http://fhir.cq.hc/CodeSystem/identifierType-code-system"/>
    </include>
  </compose>
</ValueSet>