URL,Version,Status,OIDs,Name,Title,Descriptino,Uses,Used,Sources
http://fhir.cq.hc/ValueSet/cn-contactorType-vs,0.1.1,draft,,CNContactorTypeVS,中文联系人类型值集,"中文联系人类型值集","StructureDefinition/hc-healthcare-organization","Internal"
http://fhir.cq.hc/ValueSet/cn-hospitalleve-vs,0.1.1,draft,,CNHospitalLevelVS,中国医院三级评审等级值集,"中国医院三级评审等级值集","StructureDefinition/hc-mdm-hospitallevel","Internal"
http://fhir.cq.hc/ValueSet/cn-hospitalmanagementype-vs,0.1.1,draft,,CNHospitalManagementTypeVS,医院管理类型值集,"医院管理类型值集","StructureDefinition/hc-mdm-hospitalmanagementype","Internal"
http://fhir.cq.hc/ValueSet/cn-identifierType-vs,0.1.1,draft,,CNIdentifierTypeVS,标识类型值集,"标识类型值集","StructureDefinition/hc-mdm-organization","Internal"
http://fhir.cq.hc/ValueSet/cn-nationaleconomicindustryclassification-vs,0.1.1,draft,,CNNationalEconomicIndustryClassificationVS,经济类型分类值集,"国家标准GB-T12402-2000《经济类型分类与代码》值集","StructureDefinition/hc-mdm-economicindustryclassification","Internal"
http://fhir.cq.hc/ValueSet/cq-administrativedivision-vs,0.1.1,draft,,CQAdministrativeDivisionVS,重庆区级行政区划值集,"重庆区级行政区划值集","StructureDefinition/hc-mdm-administrativedivision","Internal"
http://fhir.cq.hc/ValueSet/cq-streetdivision-vs,0.1.1,draft,,CQStreetDivisionVS,重庆（乡镇街道级）行政区划值集,"重庆（乡镇街道级）行政区划值集","StructureDefinition/hc-mdm-streetdivision","Internal"
http://fhir.cq.hc/ValueSet/healthcareinstitutionstype-vs,0.1.1,draft,,HealthcareInstitutionsTypeVS,卫生机构（组织）分类与代码值集,"行业标准WS 218-2002 卫生机构（组织）分类与代码值集，还附加了自定义卫生机构（组织）分类与代码。","StructureDefinition/hc-mdm-healthcareinstitutionstype,StructureDefinition/hc-mdm-secondaryhealthcareinstitutionsinfo","Internal"
http://fhir.cq.hc/ValueSet/operatingstatus-vs,0.1.1,draft,,OperatingStatusVS,机构运营状态值集,"机构运营状态值集","StructureDefinition/hc-mdm-operatingstatus","Internal"
http://fhir.cq.hc/ValueSet/organizationtype-vs,0.1.1,draft,,OrganizationTypeVS,组织机构类型值集,"国家标准GB/T 20091-2021 组织机构类型值集","StructureDefinition/hc-mdm-organization","Internal"
http://hl7.org/fhir/ValueSet/contactentity-type,4.0.1,draft,"2.16.840.1.113883.4.642.3.416",ContactEntityType,Contact entity type,"This example value set defines a set of codes that can be used to indicate the purpose for which you would contact a contact party.","ValueSet/cn-contactorType-vs","THO"
http://hl7.org/fhir/ValueSet/identifier-type,4.0.1,active,"2.16.840.1.113883.4.642.3.45",Identifier Type Codes,IdentifierType,"A coded type for an identifier that can be used to determine which identifier to use for a specific purpose.","ValueSet/cn-identifierType-vs","THO (V2)"
